Location ID,Location,Value
AL-001,Autauga County,65.7
AL-003,Baldwin County,68.4
AL-005,Barbour County,66
AL-007,Bibb County,63.9
AL-009,Blount County,62.7
AL-011,Bullock County,65.7
AL-013,Butler County,66.4
AL-015,Calhoun County,63
AL-017,Chambers County,63.1
AL-019,Cherokee County,62.2
AL-021,Chilton County,64
AL-023,Choctaw County,66
AL-025,Clarke County,66.6
AL-027,Clay County,62.3
AL-029,Cleburne County,62.1
AL-031,Coffee County,66.9
AL-033,Colbert County,61.7
AL-035,Conecuh County,67.1
AL-037,Coosa County,63.7
AL-039,Covington County,67.1
AL-041,Crenshaw County,66.1
AL-043,Cullman County,62.1
AL-045,Dale County,67.1
AL-047,Dallas County,66.1
AL-049,DeKalb County,60.5
AL-051,Elmore County,65.5
AL-053,Escambia County,67.6
AL-055,Etowah County,62.6
AL-057,Fayette County,63.4
AL-059,Franklin County,61.4
AL-061,Geneva County,67.7
AL-063,Greene County,64.8
AL-065,Hale County,64.7
AL-067,Henry County,67.1
AL-069,Houston County,68.1
AL-071,Jackson County,60.7
AL-073,Jefferson County,63.6
AL-075,Lamar County,63.5
AL-077,Lauderdale County,61.3
AL-079,Lawrence County,61.2
AL-081,Lee County,64.3
AL-083,Limestone County,61.4
AL-085,Lowndes County,66.6
AL-087,Macon County,65.4
AL-089,Madison County,61.5
AL-091,Marengo County,65.5
AL-093,Marion County,62.1
AL-095,Marshall County,62
AL-097,Mobile County,68.2
AL-099,Monroe County,67.2
AL-101,Montgomery County,66.6
AL-103,Morgan County,61.8
AL-105,Perry County,64.9
AL-107,Pickens County,64.4
AL-109,Pike County,66
AL-111,Randolph County,62.4
AL-113,Russell County,65.4
AL-115,St. Clair County,63.1
AL-117,Shelby County,63.6
AL-119,Sumter County,65.3
AL-121,Talladega County,63.4
AL-123,Tallapoosa County,63.5
AL-125,Tuscaloosa County,64.2
AL-127,Walker County,63
AL-129,Washington County,66.8
AL-131,Wilcox County,66.5
AL-133,Winston County,61.4
AZ-001,Apache County,52.1
AZ-003,Cochise County,62.8
AZ-005,Coconino County,54.6
AZ-007,Gila County,61.5
AZ-009,Graham County,62.8
AZ-011,Greenlee County,58.5
AZ-012,La Paz County,72.9
AZ-013,Maricopa County,72.3
AZ-015,Mohave County,64
AZ-017,Navajo County,53.8
AZ-019,Pima County,69.3
AZ-021,Pinal County,70.4
AZ-023,Santa Cruz County,62.1
AZ-025,Yavapai County,61.1
AZ-027,Yuma County,73.9
AR-001,Arkansas County,63.3
AR-003,Ashley County,64.8
AR-005,Baxter County,58.1
AR-007,Benton County,58.6
AR-009,Boone County,57.7
AR-011,Bradley County,64.2
AR-013,Calhoun County,63.5
AR-015,Carroll County,57.9
AR-017,Chicot County,64.5
AR-019,Clark County,62.7
AR-021,Clay County,59.8
AR-023,Cleburne County,59.8
AR-025,Cleveland County,63
AR-027,Columbia County,63.7
AR-029,Conway County,61
AR-031,Craighead County,60.7
AR-033,Crawford County,60.4
AR-035,Crittenden County,62.5
AR-037,Cross County,61.7
AR-039,Dallas County,62.6
AR-041,Desha County,63.6
AR-043,Drew County,63.9
AR-045,Faulkner County,61.2
AR-047,Franklin County,60.1
AR-049,Fulton County,58.1
AR-051,Garland County,61.8
AR-053,Grant County,62.5
AR-055,Greene County,60.1
AR-057,Hempstead County,63
AR-059,Hot Spring County,62.4
AR-061,Howard County,62
AR-063,Independence County,59.7
AR-065,Izard County,58.3
AR-067,Jackson County,60.5
AR-069,Jefferson County,62.8
AR-071,Johnson County,59.5
AR-073,Lafayette County,64.1
AR-075,Lawrence County,59.7
AR-077,Lee County,62.7
AR-079,Lincoln County,63.4
AR-081,Little River County,63.8
AR-083,Logan County,60.9
AR-085,Lonoke County,62.3
AR-087,Madison County,57.5
AR-089,Marion County,57.9
AR-091,Miller County,64.4
AR-093,Mississippi County,61.4
AR-095,Monroe County,62.8
AR-097,Montgomery County,61.3
AR-099,Nevada County,63
AR-101,Newton County,57.3
AR-103,Ouachita County,63.2
AR-105,Perry County,61.6
AR-107,Phillips County,63.1
AR-109,Pike County,61.8
AR-111,Poinsett County,61.2
AR-113,Polk County,60.5
AR-115,Pope County,59.9
AR-117,Prairie County,62.4
AR-119,Pulaski County,62
AR-121,Randolph County,59.3
AR-123,St. Francis County,62.3
AR-125,Saline County,61.8
AR-127,Scott County,60.8
AR-129,Searcy County,57.8
AR-131,Sebastian County,61.5
AR-133,Sevier County,62.9
AR-135,Sharp County,58.7
AR-137,Stone County,58.4
AR-139,Union County,64.4
AR-141,Van Buren County,58.9
AR-143,Washington County,58.4
AR-145,White County,61.5
AR-147,Woodruff County,61.6
AR-149,Yell County,61.4
CA-001,Alameda County,60.5
CA-003,Alpine County,45.5
CA-005,Amador County,59.6
CA-007,Butte County,61.4
CA-009,Calaveras County,60
CA-011,Colusa County,63
CA-013,Contra Costa County,61.5
CA-015,Del Norte County,52.9
CA-017,El Dorado County,55.5
CA-019,Fresno County,57.2
CA-021,Glenn County,61.6
CA-023,Humboldt County,55.1
CA-025,Imperial County,75.1
CA-027,Inyo County,62.3
CA-029,Kern County,63.2
CA-031,Kings County,65.3
CA-033,Lake County,58.7
CA-035,Lassen County,48.3
CA-037,Los Angeles County,63.1
CA-039,Madera County,57.6
CA-041,Marin County,57.3
CA-043,Mariposa County,56.8
CA-045,Mendocino County,56.8
CA-047,Merced County,63.4
CA-049,Modoc County,48.3
CA-051,Mono County,45.8
CA-053,Monterey County,60
CA-055,Napa County,60.9
CA-057,Nevada County,53.8
CA-059,Orange County,65.4
CA-061,Placer County,55.1
CA-063,Plumas County,48.7
CA-065,Riverside County,69.8
CA-067,Sacramento County,63.4
CA-069,San Benito County,60.3
CA-071,San Bernardino County,67.9
CA-073,San Diego County,64.3
CA-075,San Francisco County,58.3
CA-077,San Joaquin County,63.6
CA-079,San Luis Obispo County,61
CA-081,San Mateo County,58.1
CA-083,Santa Barbara County,59.9
CA-085,Santa Clara County,59.7
CA-087,Santa Cruz County,58.7
CA-089,Shasta County,56.7
CA-091,Sierra County,48.7
CA-093,Siskiyou County,50.3
CA-095,Solano County,62.2
CA-097,Sonoma County,58.4
CA-099,Stanislaus County,62.9
CA-101,Sutter County,64.2
CA-103,Tehama County,60.2
CA-105,Trinity County,54
CA-107,Tulare County,55.8
CA-109,Tuolumne County,51.8
CA-111,Ventura County,59.3
CA-113,Yolo County,63
CA-115,Yuba County,62.2
CO-001,Adams County,50.8
CO-003,Alamosa County,44.6
CO-005,Arapahoe County,50.3
CO-007,Archuleta County,45.4
CO-009,Baca County,54.3
CO-011,Bent County,54.7
CO-013,Boulder County,45.9
CO-014,Broomfield County,51.7
CO-015,Chaffee County,39.3
CO-017,Cheyenne County,52.2
CO-019,Clear Creek County,38.7
CO-021,Conejos County,42
CO-023,Costilla County,43.9
CO-025,Crowley County,53.2
CO-027,Custer County,43
CO-029,Delta County,48.4
CO-031,Denver County,51.8
CO-033,Dolores County,44.9
CO-035,Douglas County,47.9
CO-037,Eagle County,40.8
CO-039,Elbert County,48.8
CO-041,El Paso County,49.3
CO-043,Fremont County,46.6
CO-045,Garfield County,45
CO-047,Gilpin County,40.6
CO-049,Grand County,38.6
CO-051,Gunnison County,39.6
CO-053,Hinsdale County,37.9
CO-055,Huerfano County,48.6
CO-057,Jackson County,37.9
CO-059,Jefferson County,47.2
CO-061,Kiowa County,53.2
CO-063,Kit Carson County,52
CO-065,Lake County,35.8
CO-067,La Plata County,46.6
CO-069,Larimer County,43.4
CO-071,Las Animas County,52.5
CO-073,Lincoln County,50.9
CO-075,Logan County,50.6
CO-077,Mesa County,49.2
CO-079,Mineral County,38.5
CO-081,Moffat County,45.4
CO-083,Montezuma County,50.3
CO-085,Montrose County,49.3
CO-087,Morgan County,50.8
CO-089,Otero County,54.5
CO-091,Ouray County,43.3
CO-093,Park County,39.4
CO-095,Phillips County,50.7
CO-097,Pitkin County,39.3
CO-099,Prowers County,54.3
CO-101,Pueblo County,53.6
CO-103,Rio Blanco County,45.8
CO-105,Rio Grande County,41.7
CO-107,Routt County,41.2
CO-109,Saguache County,40.7
CO-111,San Juan County,37
CO-113,San Miguel County,46.5
CO-115,Sedgwick County,50.4
CO-117,Summit County,37.1
CO-119,Teller County,41.4
CO-121,Washington County,51
CO-123,Weld County,49.6
CO-125,Yuma County,51.9
CT-001,Fairfield County,52.3
CT-003,Hartford County,51
CT-005,Litchfield County,48.5
CT-007,Middlesex County,51.6
CT-009,New Haven County,51.7
CT-011,New London County,51.7
CT-013,Tolland County,50.2
CT-015,Windham County,50.4
DE-001,Kent County,57.2
DE-003,New Castle County,56.1
DE-005,Sussex County,58.3
FL-001,Alachua County,71
FL-003,Baker County,69.7
FL-005,Bay County,69.8
FL-007,Bradford County,70.5
FL-009,Brevard County,74
FL-011,Broward County,76.9
FL-013,Calhoun County,69.2
FL-015,Charlotte County,75.5
FL-017,Citrus County,72.5
FL-019,Clay County,71.2
FL-021,Collier County,76.3
FL-023,Columbia County,69.4
FL-027,DeSoto County,74.5
FL-029,Dixie County,70.5
FL-031,Duval County,71
FL-033,Escambia County,68.6
FL-035,Flagler County,72.4
FL-037,Franklin County,70
FL-039,Gadsden County,68.7
FL-041,Gilchrist County,70.5
FL-043,Glades County,75.1
FL-045,Gulf County,69.9
FL-047,Hamilton County,68.7
FL-049,Hardee County,74.3
FL-051,Hendry County,75.6
FL-053,Hernando County,73.2
FL-055,Highlands County,74.5
FL-057,Hillsborough County,74.5
FL-059,Holmes County,68.1
FL-061,Indian River County,74.4
FL-063,Jackson County,68.8
FL-065,Jefferson County,69.2
FL-067,Lafayette County,69.7
FL-069,Lake County,73.4
FL-071,Lee County,76.1
FL-073,Leon County,69.1
FL-075,Levy County,71.7
FL-077,Liberty County,69.4
FL-079,Madison County,69
FL-081,Manatee County,74.3
FL-083,Marion County,72.1
FL-085,Martin County,76.1
FL-086,Miami-Dade County,77.4
FL-087,Monroe County,77.9
FL-089,Nassau County,70.2
FL-091,Okaloosa County,68.3
FL-093,Okeechobee County,74.8
FL-095,Orange County,74.1
FL-097,Osceola County,74.4
FL-099,Palm Beach County,76.4
FL-101,Pasco County,73.7
FL-103,Pinellas County,74.9
FL-105,Polk County,74.4
FL-107,Putnam County,71.9
FL-109,St. Johns County,71.9
FL-111,St. Lucie County,75.2
FL-113,Santa Rosa County,68.1
FL-115,Sarasota County,74.5
FL-117,Seminole County,73.8
FL-119,Sumter County,72.9
FL-121,Suwannee County,69.3
FL-123,Taylor County,70.1
FL-125,Union County,70
FL-127,Volusia County,73.1
FL-129,Wakulla County,69.7
FL-131,Walton County,68.5
FL-133,Washington County,68.8
GA-001,Appling County,67.7
GA-003,Atkinson County,67.7
GA-005,Bacon County,67.8
GA-007,Baker County,67.8
GA-009,Baldwin County,65.4
GA-011,Banks County,62.1
GA-013,Barrow County,62.5
GA-015,Bartow County,61.6
GA-017,Ben Hill County,67.3
GA-019,Berrien County,67.2
GA-021,Bibb County,65.7
GA-023,Bleckley County,66.5
GA-025,Brantley County,68.6
GA-027,Brooks County,67.6
GA-029,Bryan County,68.2
GA-031,Bulloch County,67.2
GA-033,Burke County,66
GA-035,Butts County,64.4
GA-037,Calhoun County,67.4
GA-039,Camden County,69.5
GA-043,Candler County,67
GA-045,Carroll County,62.5
GA-047,Catoosa County,61.4
GA-049,Charlton County,69.4
GA-051,Chatham County,68.4
GA-053,Chattahoochee County,65.4
GA-055,Chattooga County,61.4
GA-057,Cherokee County,60.9
GA-059,Clarke County,63.1
GA-061,Clay County,66.9
GA-063,Clayton County,63.6
GA-065,Clinch County,68.3
GA-067,Cobb County,62.4
GA-069,Coffee County,67.5
GA-071,Colquitt County,67
GA-073,Columbia County,65.2
GA-075,Cook County,67.1
GA-077,Coweta County,63.7
GA-079,Crawford County,65.2
GA-081,Crisp County,67.2
GA-083,Dade County,60.2
GA-085,Dawson County,59.5
GA-087,Decatur County,68.3
GA-089,DeKalb County,63
GA-091,Dodge County,66.9
GA-093,Dooly County,66.8
GA-095,Dougherty County,67.7
GA-097,Douglas County,62.8
GA-099,Early County,67.7
GA-101,Echols County,68.2
GA-103,Effingham County,67.4
GA-105,Elbert County,63.1
GA-107,Emanuel County,66.4
GA-109,Evans County,67.6
GA-111,Fannin County,57.2
GA-113,Fayette County,63.8
GA-115,Floyd County,61.9
GA-117,Forsyth County,60.8
GA-119,Franklin County,62.2
GA-121,Fulton County,62.8
GA-123,Gilmer County,58
GA-125,Glascock County,64.7
GA-127,Glynn County,69.2
GA-129,Gordon County,61.3
GA-131,Grady County,67.9
GA-133,Greene County,64.1
GA-135,Gwinnett County,62.1
GA-137,Habersham County,60
GA-139,Hall County,61.2
GA-141,Hancock County,64.6
GA-143,Haralson County,61.8
GA-145,Harris County,64.1
GA-147,Hart County,62.4
GA-149,Heard County,63.1
GA-151,Henry County,63.8
GA-153,Houston County,66.3
GA-155,Irwin County,67.1
GA-157,Jackson County,62.5
GA-159,Jasper County,64.6
GA-161,Jeff Davis County,67.3
GA-163,Jefferson County,65.2
GA-165,Jenkins County,66.4
GA-167,Johnson County,65.8
GA-169,Jones County,65.3
GA-171,Lamar County,64.3
GA-173,Lanier County,67.5
GA-175,Laurens County,66.6
GA-177,Lee County,67.3
GA-179,Liberty County,68.4
GA-181,Lincoln County,64.1
GA-183,Long County,68.3
GA-185,Lowndes County,67.6
GA-187,Lumpkin County,58.8
GA-189,McDuffie County,64.5
GA-191,McIntosh County,69
GA-193,Macon County,66
GA-195,Madison County,62.5
GA-197,Marion County,65.1
GA-199,Meriwether County,63.7
GA-201,Miller County,68
GA-205,Mitchell County,67.6
GA-207,Monroe County,64.8
GA-209,Montgomery County,67.1
GA-211,Morgan County,64.1
GA-213,Murray County,60.5
GA-215,Muscogee County,65.3
GA-217,Newton County,63.8
GA-219,Oconee County,63.4
GA-221,Oglethorpe County,63.3
GA-223,Paulding County,62.1
GA-225,Peach County,65.7
GA-227,Pickens County,59.5
GA-229,Pierce County,68.4
GA-231,Pike County,64.1
GA-233,Polk County,62.3
GA-235,Pulaski County,66.9
GA-237,Putnam County,64.9
GA-239,Quitman County,66.2
GA-241,Rabun County,57.9
GA-243,Randolph County,66.5
GA-245,Richmond County,66.1
GA-247,Rockdale County,63.4
GA-249,Schley County,65.7
GA-251,Screven County,66.6
GA-253,Seminole County,68.5
GA-255,Spalding County,64.2
GA-257,Stephens County,61.6
GA-259,Stewart County,65.7
GA-261,Sumter County,66.6
GA-263,Talbot County,64.3
GA-265,Taliaferro County,63.9
GA-267,Tattnall County,67.6
GA-269,Taylor County,65.1
GA-271,Telfair County,67.3
GA-273,Terrell County,66.9
GA-275,Thomas County,67.7
GA-277,Tift County,66.9
GA-279,Toombs County,67.3
GA-281,Towns County,57
GA-283,Treutlen County,66.7
GA-285,Troup County,63.5
GA-287,Turner County,66.9
GA-289,Twiggs County,66.1
GA-291,Union County,57
GA-293,Upson County,64.4
GA-295,Walker County,60.9
GA-297,Walton County,63.1
GA-299,Ware County,68.7
GA-301,Warren County,64.3
GA-303,Washington County,65.3
GA-305,Wayne County,68.3
GA-307,Webster County,65.8
GA-309,Wheeler County,67.2
GA-311,White County,59
GA-313,Whitfield County,61.3
GA-315,Wilcox County,67.2
GA-317,Wilkes County,63.7
GA-319,Wilkinson County,66
GA-321,Worth County,67
ID-001,Ada County,52.5
ID-003,Adams County,44.3
ID-005,Bannock County,46.1
ID-007,Bear Lake County,41.3
ID-009,Benewah County,46.4
ID-011,Bingham County,45.2
ID-013,Blaine County,43
ID-015,Boise County,44.4
ID-017,Bonner County,44.3
ID-019,Bonneville County,42.6
ID-021,Boundary County,42.3
ID-023,Butte County,42
ID-025,Camas County,42.5
ID-027,Canyon County,52.8
ID-029,Caribou County,42.5
ID-031,Cassia County,47
ID-033,Clark County,40.7
ID-035,Clearwater County,44.4
ID-037,Custer County,39.1
ID-039,Elmore County,48.3
ID-041,Franklin County,45.3
ID-043,Fremont County,40.4
ID-045,Gem County,49.7
ID-047,Gooding County,50
ID-049,Idaho County,42.4
ID-051,Jefferson County,44.1
ID-053,Jerome County,50.2
ID-055,Kootenai County,46.3
ID-057,Latah County,47
ID-059,Lemhi County,40.1
ID-061,Lewis County,46
ID-063,Lincoln County,48
ID-065,Madison County,43.6
ID-067,Minidoka County,47.5
ID-069,Nez Perce County,49.4
ID-071,Oneida County,46.6
ID-073,Owyhee County,48.4
ID-075,Payette County,52.4
ID-077,Power County,46.2
ID-079,Shoshone County,43.4
ID-081,Teton County,40.8
ID-083,Twin Falls County,48.2
ID-085,Valley County,40.1
ID-087,Washington County,48.6
IL-001,Adams County,53.4
IL-003,Alexander County,58.3
IL-005,Bond County,55.2
IL-007,Boone County,48.7
IL-009,Brown County,53.3
IL-011,Bureau County,50.1
IL-013,Calhoun County,55.1
IL-015,Carroll County,49.2
IL-017,Cass County,53.2
IL-019,Champaign County,52.6
IL-021,Christian County,53.7
IL-023,Clark County,54.3
IL-025,Clay County,55.6
IL-027,Clinton County,56.1
IL-029,Coles County,53.7
IL-031,Cook County,50.8
IL-033,Crawford County,55.2
IL-035,Cumberland County,54.3
IL-037,DeKalb County,49.1
IL-039,De Witt County,52.6
IL-041,Douglas County,53.5
IL-043,DuPage County,50.3
IL-045,Edgar County,53.2
IL-047,Edwards County,56.7
IL-049,Effingham County,54.5
IL-051,Fayette County,54.7
IL-053,Ford County,51.7
IL-055,Franklin County,56.6
IL-057,Fulton County,52.4
IL-059,Gallatin County,57.1
IL-061,Greene County,54.6
IL-063,Grundy County,51.1
IL-065,Hamilton County,56.7
IL-067,Hancock County,52.6
IL-069,Hardin County,57.4
IL-071,Henderson County,51.6
IL-073,Henry County,50.4
IL-075,Iroquois County,51.7
IL-077,Jackson County,56.7
IL-079,Jasper County,54.9
IL-081,Jefferson County,56.2
IL-083,Jersey County,55.3
IL-085,Jo Daviess County,48.3
IL-087,Johnson County,57.2
IL-089,Kane County,49.4
IL-091,Kankakee County,51.3
IL-093,Kendall County,50.4
IL-095,Knox County,50.8
IL-097,Lake County,49.4
IL-099,LaSalle County,50.5
IL-101,Lawrence County,55.9
IL-103,Lee County,49.6
IL-105,Livingston County,51.2
IL-107,Logan County,53.1
IL-109,McDonough County,52
IL-111,McHenry County,48.8
IL-113,McLean County,51.9
IL-115,Macon County,53.2
IL-117,Macoupin County,54.3
IL-119,Madison County,55.8
IL-121,Marion County,55.6
IL-123,Marshall County,51.4
IL-125,Mason County,53.2
IL-127,Massac County,58.3
IL-129,Menard County,53.1
IL-131,Mercer County,50.8
IL-133,Monroe County,57.3
IL-135,Montgomery County,54.1
IL-137,Morgan County,53.5
IL-139,Moultrie County,53.4
IL-141,Ogle County,49.3
IL-143,Peoria County,52.2
IL-145,Perry County,56.4
IL-147,Piatt County,52.9
IL-149,Pike County,54.1
IL-151,Pope County,57.3
IL-153,Pulaski County,58.4
IL-155,Putnam County,50.9
IL-157,Randolph County,56.7
IL-159,Richland County,55.8
IL-161,Rock Island County,50.6
IL-163,St. Clair County,56.7
IL-165,Saline County,56.8
IL-167,Sangamon County,53.4
IL-169,Schuyler County,52.9
IL-171,Scott County,54
IL-173,Shelby County,53.8
IL-175,Stark County,50.7
IL-177,Stephenson County,48.4
IL-179,Tazewell County,52.8
IL-181,Union County,57.3
IL-183,Vermilion County,52.3
IL-185,Wabash County,56.5
IL-187,Warren County,50.9
IL-189,Washington County,56.1
IL-191,Wayne County,56.7
IL-193,White County,56.9
IL-195,Whiteside County,50.1
IL-197,Will County,50.9
IL-199,Williamson County,56.6
IL-201,Winnebago County,49
IL-203,Woodford County,51.9
IN-001,Adams County,51.6
IN-003,Allen County,51.1
IN-005,Bartholomew County,54.5
IN-007,Benton County,51.2
IN-009,Blackford County,52.3
IN-011,Boone County,52
IN-013,Brown County,53.8
IN-015,Carroll County,51.7
IN-017,Cass County,51.4
IN-019,Clark County,56.5
IN-021,Clay County,54.2
IN-023,Clinton County,51.8
IN-025,Crawford County,55.5
IN-027,Daviess County,55.6
IN-029,Dearborn County,54.8
IN-031,Decatur County,53.7
IN-033,DeKalb County,50.2
IN-035,Delaware County,53
IN-037,Dubois County,55.6
IN-039,Elkhart County,50.3
IN-041,Fayette County,52.9
IN-043,Floyd County,56.7
IN-045,Fountain County,52.2
IN-047,Franklin County,53.6
IN-049,Fulton County,50.9
IN-051,Gibson County,56.6
IN-053,Grant County,52.1
IN-055,Greene County,54.6
IN-057,Hamilton County,52.5
IN-059,Hancock County,53
IN-061,Harrison County,56.5
IN-063,Hendricks County,52.5
IN-065,Henry County,52.4
IN-067,Howard County,51.6
IN-069,Huntington County,51.4
IN-071,Jackson County,54.9
IN-073,Jasper County,51
IN-075,Jay County,52
IN-077,Jefferson County,55.6
IN-079,Jennings County,54.9
IN-081,Johnson County,53.4
IN-083,Knox County,55.9
IN-085,Kosciusko County,50.6
IN-087,LaGrange County,50.1
IN-089,Lake County,50.8
IN-091,LaPorte County,50.4
IN-093,Lawrence County,54.4
IN-095,Madison County,53
IN-097,Marion County,53.1
IN-099,Marshall County,50.4
IN-101,Martin County,55.2
IN-103,Miami County,51.5
IN-105,Monroe County,53.6
IN-107,Montgomery County,52.1
IN-109,Morgan County,53.3
IN-111,Newton County,51.2
IN-113,Noble County,50.2
IN-115,Ohio County,55.7
IN-117,Orange County,55
IN-119,Owen County,53.9
IN-121,Parke County,52.8
IN-123,Perry County,55.6
IN-125,Pike County,56.1
IN-127,Porter County,50.6
IN-129,Posey County,57.1
IN-131,Pulaski County,50.9
IN-133,Putnam County,52.6
IN-135,Randolph County,52.1
IN-137,Ripley County,54.2
IN-139,Rush County,53
IN-141,St. Joseph County,50.2
IN-143,Scott County,55.7
IN-145,Shelby County,53.7
IN-147,Spencer County,56.4
IN-149,Starke County,50.7
IN-151,Steuben County,49.6
IN-153,Sullivan County,55.3
IN-155,Switzerland County,56
IN-157,Tippecanoe County,51.8
IN-159,Tipton County,51.9
IN-161,Union County,52.9
IN-163,Vanderburgh County,57.2
IN-165,Vermillion County,52.9
IN-167,Vigo County,54.4
IN-169,Wabash County,51.4
IN-171,Warren County,51.8
IN-173,Warrick County,56.7
IN-175,Washington County,55.2
IN-177,Wayne County,52.3
IN-179,Wells County,51.6
IN-181,White County,51.2
IN-183,Whitley County,50.6
IA-001,Adair County,49.3
IA-003,Adams County,50.1
IA-005,Allamakee County,46.6
IA-007,Appanoose County,51
IA-009,Audubon County,48.6
IA-011,Benton County,47.5
IA-013,Black Hawk County,47.5
IA-015,Boone County,49.1
IA-017,Bremer County,47
IA-019,Buchanan County,46.7
IA-021,Buena Vista County,47.2
IA-023,Butler County,47.2
IA-025,Calhoun County,48.1
IA-027,Carroll County,48.7
IA-029,Cass County,49.7
IA-031,Cedar County,48.9
IA-033,Cerro Gordo County,46.2
IA-035,Cherokee County,47.1
IA-037,Chickasaw County,45.9
IA-039,Clarke County,50.7
IA-041,Clay County,46.6
IA-043,Clayton County,46.9
IA-045,Clinton County,49.8
IA-047,Crawford County,48.7
IA-049,Dallas County,49.9
IA-051,Davis County,51.1
IA-053,Decatur County,51.3
IA-055,Delaware County,47.1
IA-057,Des Moines County,51.3
IA-059,Dickinson County,45.6
IA-061,Dubuque County,47.6
IA-063,Emmet County,45.5
IA-065,Fayette County,46.2
IA-067,Floyd County,46.4
IA-069,Franklin County,46.9
IA-071,Fremont County,51.7
IA-073,Greene County,48.9
IA-075,Grundy County,47.7
IA-077,Guthrie County,49.2
IA-079,Hamilton County,47.5
IA-081,Hancock County,46
IA-083,Hardin County,47.7
IA-085,Harrison County,50
IA-087,Henry County,50.3
IA-089,Howard County,45
IA-091,Humboldt County,47.1
IA-093,Ida County,47.9
IA-095,Iowa County,49.2
IA-097,Jackson County,49
IA-099,Jasper County,49.6
IA-101,Jefferson County,49.9
IA-103,Johnson County,49.1
IA-105,Jones County,48.7
IA-107,Keokuk County,50
IA-109,Kossuth County,46.2
IA-111,Lee County,51.8
IA-113,Linn County,48.1
IA-115,Louisa County,50.6
IA-117,Lucas County,50.5
IA-119,Lyon County,46.2
IA-121,Madison County,50.1
IA-123,Mahaska County,50.3
IA-125,Marion County,50.3
IA-127,Marshall County,48.6
IA-129,Mills County,51.3
IA-131,Mitchell County,45.6
IA-133,Monona County,49.2
IA-135,Monroe County,50.7
IA-137,Montgomery County,50.7
IA-139,Muscatine County,49.7
IA-141,O'Brien County,46.5
IA-143,Osceola County,45.5
IA-145,Page County,51.6
IA-147,Palo Alto County,46.6
IA-149,Plymouth County,47.8
IA-151,Pocahontas County,47.1
IA-153,Polk County,50.1
IA-155,Pottawattamie County,50.5
IA-157,Poweshiek County,49.2
IA-159,Ringgold County,51
IA-161,Sac County,48.1
IA-163,Scott County,50.3
IA-165,Shelby County,49.1
IA-167,Sioux County,46.8
IA-169,Story County,48.9
IA-171,Tama County,48.1
IA-173,Taylor County,51
IA-175,Union County,50
IA-177,Van Buren County,50.6
IA-179,Wapello County,50.8
IA-181,Warren County,50.6
IA-183,Washington County,49.9
IA-185,Wayne County,50.7
IA-187,Webster County,47.7
IA-189,Winnebago County,45.3
IA-191,Winneshiek County,45.9
IA-193,Woodbury County,48.5
IA-195,Worth County,45.3
IA-197,Wright County,46.7
KS-001,Allen County,56.7
KS-003,Anderson County,56
KS-005,Atchison County,54.2
KS-007,Barber County,57.5
KS-009,Barton County,54.6
KS-011,Bourbon County,56.9
KS-013,Brown County,53.5
KS-015,Butler County,56.9
KS-017,Chase County,55.5
KS-019,Chautauqua County,57.9
KS-021,Cherokee County,58.3
KS-023,Cheyenne County,52.4
KS-025,Clark County,57.4
KS-027,Clay County,55.1
KS-029,Cloud County,54.6
KS-031,Coffey County,56.1
KS-033,Comanche County,57.5
KS-035,Cowley County,57.6
KS-037,Crawford County,57.5
KS-039,Decatur County,52.6
KS-041,Dickinson County,56.1
KS-043,Doniphan County,53.9
KS-045,Douglas County,55.7
KS-047,Edwards County,55.5
KS-049,Elk County,57.1
KS-051,Ellis County,54.4
KS-053,Ellsworth County,55.7
KS-055,Finney County,55.1
KS-057,Ford County,55.9
KS-059,Franklin County,56
KS-061,Geary County,55.5
KS-063,Gove County,53.9
KS-065,Graham County,53.7
KS-067,Grant County,55.5
KS-069,Gray County,55.5
KS-071,Greeley County,53
KS-073,Greenwood County,56.4
KS-075,Hamilton County,54.4
KS-077,Harper County,57.9
KS-079,Harvey County,56.9
KS-081,Haskell County,55.6
KS-083,Hodgeman County,55.7
KS-085,Jackson County,54.2
KS-087,Jefferson County,55
KS-089,Jewell County,53.3
KS-091,Johnson County,55.5
KS-093,Kearny County,54.9
KS-095,Kingman County,56.7
KS-097,Kiowa County,56.2
KS-099,Labette County,58.1
KS-101,Lane County,54.5
KS-103,Leavenworth County,55.3
KS-105,Lincoln County,55.2
KS-107,Linn County,56.4
KS-109,Logan County,53.7
KS-111,Lyon County,55.5
KS-113,McPherson County,56.4
KS-115,Marion County,56.1
KS-117,Marshall County,53.3
KS-119,Meade County,56.8
KS-121,Miami County,55.8
KS-123,Mitchell County,54.1
KS-125,Montgomery County,58.3
KS-127,Morris County,55.3
KS-129,Morton County,56.1
KS-131,Nemaha County,53.1
KS-133,Neosho County,57.3
KS-135,Ness County,54.9
KS-137,Norton County,52.5
KS-139,Osage County,56.1
KS-141,Osborne County,54
KS-143,Ottawa County,55.6
KS-145,Pawnee County,54.9
KS-147,Phillips County,53.1
KS-149,Pottawatomie County,54.4
KS-151,Pratt County,56.1
KS-153,Rawlins County,52.4
KS-155,Reno County,56.3
KS-157,Republic County,53.4
KS-159,Rice County,55.6
KS-161,Riley County,55
KS-163,Rooks County,53.9
KS-165,Rush County,54.6
KS-167,Russell County,55
KS-169,Saline County,56.5
KS-171,Scott County,54.3
KS-173,Sedgwick County,57.6
KS-175,Seward County,56.4
KS-177,Shawnee County,55.6
KS-179,Sheridan County,53.2
KS-181,Sherman County,52.5
KS-183,Smith County,53.1
KS-185,Stafford County,55.2
KS-187,Stanton County,55.4
KS-189,Stevens County,56.2
KS-191,Sumner County,58.2
KS-193,Thomas County,52.7
KS-195,Trego County,54.1
KS-197,Wabaunsee County,55.2
KS-199,Wallace County,53.1
KS-201,Washington County,53.4
KS-203,Wichita County,53.8
KS-205,Wilson County,57.6
KS-207,Woodson County,56.8
KS-209,Wyandotte County,55.6
KY-001,Adair County,57.9
KY-003,Allen County,58.5
KY-005,Anderson County,56.7
KY-007,Ballard County,58.9
KY-009,Barren County,58.2
KY-011,Bath County,55.6
KY-013,Bell County,55.4
KY-015,Boone County,55.7
KY-017,Bourbon County,55.8
KY-019,Boyd County,56.3
KY-021,Boyle County,56.2
KY-023,Bracken County,55.3
KY-025,Breathitt County,57.1
KY-027,Breckinridge County,56.5
KY-029,Bullitt County,57.3
KY-031,Butler County,58.4
KY-033,Caldwell County,58.1
KY-035,Calloway County,59
KY-037,Campbell County,55.7
KY-039,Carlisle County,59
KY-041,Carroll County,56.7
KY-043,Carter County,55.4
KY-045,Casey County,56.8
KY-047,Christian County,58.9
KY-049,Clark County,56.2
KY-051,Clay County,56.9
KY-053,Clinton County,58.4
KY-055,Crittenden County,57.8
KY-057,Cumberland County,58.8
KY-059,Daviess County,57.2
KY-061,Edmonson County,58.3
KY-063,Elliott County,55.5
KY-065,Estill County,56.8
KY-067,Fayette County,56.2
KY-069,Fleming County,55.1
KY-071,Floyd County,57.2
KY-073,Franklin County,56.9
KY-075,Fulton County,59.1
KY-077,Gallatin County,56.5
KY-079,Garrard County,56.6
KY-081,Grant County,56
KY-083,Graves County,58.9
KY-085,Grayson County,57.4
KY-087,Green County,57.7
KY-089,Greenup County,55.6
KY-091,Hancock County,56.3
KY-093,Hardin County,56.8
KY-095,Harlan County,54.3
KY-097,Harrison County,55.8
KY-099,Hart County,57.7
KY-101,Henderson County,57.5
KY-103,Henry County,56.5
KY-105,Hickman County,58.9
KY-107,Hopkins County,58.6
KY-109,Jackson County,56.3
KY-111,Jefferson County,57.5
KY-113,Jessamine County,56.5
KY-115,Johnson County,56.7
KY-117,Kenton County,55.6
KY-119,Knott County,56.5
KY-121,Knox County,56.8
KY-123,Larue County,56.8
KY-125,Laurel County,56.9
KY-127,Lawrence County,56.5
KY-129,Lee County,56.9
KY-131,Leslie County,56.3
KY-133,Letcher County,55.4
KY-135,Lewis County,54.9
KY-137,Lincoln County,56.3
KY-139,Livingston County,58.2
KY-141,Logan County,58.5
KY-143,Lyon County,58.4
KY-145,McCracken County,59
KY-147,McCreary County,57.1
KY-149,McLean County,58.2
KY-151,Madison County,56.7
KY-153,Magoffin County,56.6
KY-155,Marion County,56.8
KY-157,Marshall County,59
KY-159,Martin County,57.1
KY-161,Mason County,55
KY-163,Meade County,56.4
KY-165,Menifee County,55.6
KY-167,Mercer County,56.5
KY-169,Metcalfe County,57.7
KY-171,Monroe County,58.1
KY-173,Montgomery County,55.9
KY-175,Morgan County,55.9
KY-177,Muhlenberg County,58.5
KY-179,Nelson County,56.9
KY-181,Nicholas County,55.5
KY-183,Ohio County,57.8
KY-185,Oldham County,56.6
KY-187,Owen County,56.5
KY-189,Owsley County,57.2
KY-191,Pendleton County,55.8
KY-193,Perry County,56.6
KY-195,Pike County,57.1
KY-197,Powell County,56.4
KY-199,Pulaski County,57.4
KY-201,Robertson County,55.4
KY-203,Rockcastle County,56.5
KY-205,Rowan County,54.9
KY-207,Russell County,58.1
KY-209,Scott County,56.2
KY-211,Shelby County,56.5
KY-213,Simpson County,58.7
KY-215,Spencer County,56.9
KY-217,Taylor County,57.2
KY-219,Todd County,58.7
KY-221,Trigg County,58.9
KY-223,Trimble County,56.4
KY-225,Union County,57.5
KY-227,Warren County,58.9
KY-229,Washington County,56.6
KY-231,Wayne County,57.9
KY-233,Webster County,58
KY-235,Whitley County,56.9
KY-237,Wolfe County,56.3
KY-239,Woodford County,56.7
LA-001,Acadia Parish,68.8
LA-003,Allen Parish,67.8
LA-005,Ascension Parish,69.4
LA-007,Assumption Parish,70
LA-009,Avoyelles Parish,67.5
LA-011,Beauregard Parish,68.1
LA-013,Bienville Parish,66
LA-015,Bossier Parish,66.1
LA-017,Caddo Parish,66.1
LA-019,Calcasieu Parish,69.3
LA-021,Caldwell Parish,65.9
LA-023,Cameron Parish,70
LA-025,Catahoula Parish,66.6
LA-027,Claiborne Parish,64.6
LA-029,Concordia Parish,66.9
LA-031,De Soto Parish,66.2
LA-033,East Baton Rouge Parish,68.7
LA-035,East Carroll Parish,65.5
LA-037,East Feliciana Parish,68
LA-039,Evangeline Parish,67.9
LA-041,Franklin Parish,66
LA-043,Grant Parish,66.5
LA-045,Iberia Parish,69.6
LA-047,Iberville Parish,69.2
LA-049,Jackson Parish,65.5
LA-051,Jefferson Parish,70.4
LA-053,Jefferson Davis Parish,68.9
LA-055,Lafayette Parish,69.1
LA-057,Lafourche Parish,70.8
LA-059,La Salle Parish,66.6
LA-061,Lincoln Parish,65.1
LA-063,Livingston Parish,68.8
LA-065,Madison Parish,65.9
LA-067,Morehouse Parish,65.2
LA-069,Natchitoches Parish,66.8
LA-071,Orleans Parish,69.9
LA-073,Ouachita Parish,65.3
LA-075,Plaquemines Parish,70.6
LA-077,Pointe Coupee Parish,68.4
LA-079,Rapides Parish,67.3
LA-081,Red River Parish,66.6
LA-083,Richland Parish,65.6
LA-085,Sabine Parish,66.7
LA-087,St. Bernard Parish,69.9
LA-089,St. Charles Parish,70.3
LA-091,St. Helena Parish,68
LA-093,St. James Parish,69.9
LA-095,St. John the Baptist Parish,69.8
LA-097,St. Landry Parish,68.3
LA-099,St. Martin Parish,69.4
LA-101,St. Mary Parish,70.2
LA-103,St. Tammany Parish,68.8
LA-105,Tangipahoa Parish,68.4
LA-107,Tensas Parish,66.2
LA-109,Terrebonne Parish,71.2
LA-111,Union Parish,65
LA-113,Vermilion Parish,69.7
LA-115,Vernon Parish,67.3
LA-117,Washington Parish,67.8
LA-119,Webster Parish,65.6
LA-121,West Baton Rouge Parish,68.9
LA-123,West Carroll Parish,65.3
LA-125,West Feliciana Parish,68
LA-127,Winn Parish,66.1
ME-001,Androscoggin County,45.5
ME-003,Aroostook County,39.8
ME-005,Cumberland County,46.2
ME-007,Franklin County,40.5
ME-009,Hancock County,45.3
ME-011,Kennebec County,45.4
ME-013,Knox County,45.5
ME-015,Lincoln County,46
ME-017,Oxford County,42.8
ME-019,Penobscot County,43.4
ME-021,Piscataquis County,40.6
ME-023,Sagadahoc County,46.4
ME-025,Somerset County,40.6
ME-027,Waldo County,45
ME-029,Washington County,44.8
ME-031,York County,46.5
MD-001,Allegany County,53.2
MD-003,Anne Arundel County,58.3
MD-005,Baltimore County,55.9
MD-009,Calvert County,58.3
MD-011,Caroline County,57.7
MD-013,Carroll County,54.5
MD-015,Cecil County,55.9
MD-017,Charles County,58.8
MD-019,Dorchester County,58.8
MD-021,Frederick County,55
MD-023,Garrett County,49.6
MD-025,Harford County,55.7
MD-027,Howard County,55.9
MD-029,Kent County,57
MD-031,Montgomery County,56.2
MD-033,Prince George's County,57.8
MD-035,Queen Anne's County,57.3
MD-037,St. Mary's County,58.7
MD-039,Somerset County,59.4
MD-041,Talbot County,58.3
MD-043,Washington County,54.6
MD-045,Wicomico County,58.8
MD-047,Worcester County,58.9
MD-510,Baltimore City,58
MD-511,"Washington, D.C.",57.9
MA-001,Barnstable County,51.9
MA-003,Berkshire County,46.6
MA-005,Bristol County,51.8
MA-007,Dukes County,52.2
MA-009,Essex County,50
MA-011,Franklin County,48.3
MA-013,Hampden County,49.3
MA-015,Hampshire County,48.7
MA-017,Middlesex County,50.5
MA-019,Nantucket County,51.8
MA-021,Norfolk County,51.3
MA-023,Plymouth County,51.8
MA-025,Suffolk County,51.8
MA-027,Worcester County,49.2
MI-001,Alcona County,44.8
MI-003,Alger County,41.3
MI-005,Allegan County,49.4
MI-007,Alpena County,44.9
MI-009,Antrim County,45
MI-011,Arenac County,47.1
MI-013,Baraga County,39.8
MI-015,Barry County,48.9
MI-017,Bay County,48.3
MI-019,Benzie County,45.8
MI-021,Berrien County,50.3
MI-023,Branch County,49.4
MI-025,Calhoun County,49.3
MI-027,Cass County,49.8
MI-029,Charlevoix County,44.8
MI-031,Cheboygan County,43.9
MI-033,Chippewa County,41.6
MI-035,Clare County,45.9
MI-037,Clinton County,49
MI-039,Crawford County,44.2
MI-041,Delta County,42.4
MI-043,Dickinson County,41.2
MI-045,Eaton County,48.9
MI-047,Emmet County,44.1
MI-049,Genesee County,49
MI-051,Gladwin County,46.8
MI-053,Gogebic County,39.6
MI-055,Grand Traverse County,45.8
MI-057,Gratiot County,48.7
MI-059,Hillsdale County,49.1
MI-061,Houghton County,41.2
MI-063,Huron County,47.4
MI-065,Ingham County,48.9
MI-067,Ionia County,48.5
MI-069,Iosco County,46
MI-071,Iron County,39.4
MI-073,Isabella County,47.5
MI-075,Jackson County,49
MI-077,Kalamazoo County,49.6
MI-079,Kalkaska County,44.8
MI-081,Kent County,48.4
MI-083,Keweenaw County,40.7
MI-085,Lake County,45.9
MI-087,Lapeer County,48.7
MI-089,Leelanau County,45.8
MI-091,Lenawee County,50.2
MI-093,Livingston County,48.8
MI-095,Luce County,40.8
MI-097,Mackinac County,42.1
MI-099,Macomb County,50.4
MI-101,Manistee County,45.9
MI-103,Marquette County,40.3
MI-105,Mason County,46.2
MI-107,Mecosta County,46.3
MI-109,Menominee County,42.9
MI-111,Midland County,48.3
MI-113,Missaukee County,44.9
MI-115,Monroe County,51.5
MI-117,Montcalm County,47.6
MI-119,Montmorency County,44
MI-121,Muskegon County,48.4
MI-123,Newaygo County,46.9
MI-125,Oakland County,49.2
MI-127,Oceana County,47
MI-129,Ogemaw County,45.4
MI-131,Ontonagon County,40.7
MI-133,Osceola County,45.2
MI-135,Oscoda County,44.3
MI-137,Otsego County,43.2
MI-139,Ottawa County,49
MI-141,Presque Isle County,44.3
MI-143,Roscommon County,45.1
MI-145,Saginaw County,48.9
MI-147,St. Clair County,49.8
MI-149,St. Joseph County,49.9
MI-151,Sanilac County,48.1
MI-153,Schoolcraft County,42
MI-155,Shiawassee County,48.9
MI-157,Tuscola County,48.3
MI-159,Van Buren County,49.8
MI-161,Washtenaw County,49.3
MI-163,Wayne County,50.9
MI-165,Wexford County,45.1
MN-001,Aitkin County,40.4
MN-003,Anoka County,44.6
MN-005,Becker County,40
MN-007,Beltrami County,39
MN-009,Benton County,43
MN-011,Big Stone County,44.1
MN-013,Blue Earth County,45.5
MN-015,Brown County,45.6
MN-017,Carlton County,39.6
MN-019,Carver County,45.2
MN-021,Cass County,40.7
MN-023,Chippewa County,44.7
MN-025,Chisago County,43.8
MN-027,Clay County,41.4
MN-029,Clearwater County,39.1
MN-031,Cook County,36.5
MN-033,Cottonwood County,45.1
MN-035,Crow Wing County,41.6
MN-037,Dakota County,45.7
MN-039,Dodge County,44.3
MN-041,Douglas County,42.1
MN-043,Faribault County,45.5
MN-045,Fillmore County,44.7
MN-047,Freeborn County,45
MN-049,Goodhue County,44.9
MN-051,Grant County,43
MN-053,Hennepin County,45.3
MN-055,Houston County,46.4
MN-057,Hubbard County,40.1
MN-059,Isanti County,43.6
MN-061,Itasca County,39.1
MN-063,Jackson County,45.1
MN-065,Kanabec County,42.3
MN-067,Kandiyohi County,43.8
MN-069,Kittson County,39.9
MN-071,Koochiching County,38.3
MN-073,Lac qui Parle County,44.6
MN-075,Lake County,37.4
MN-077,Lake of the Woods County,38.5
MN-079,Le Sueur County,45.2
MN-081,Lincoln County,43.9
MN-083,Lyon County,44.8
MN-085,McLeod County,44.8
MN-087,Mahnomen County,39.3
MN-089,Marshall County,39.4
MN-091,Martin County,45.4
MN-093,Meeker County,43.6
MN-095,Mille Lacs County,42.5
MN-097,Morrison County,42.3
MN-099,Mower County,44.6
MN-101,Murray County,44.1
MN-103,Nicollet County,45.6
MN-105,Nobles County,44.7
MN-107,Norman County,40.5
MN-109,Olmsted County,44.5
MN-111,Otter Tail County,41.4
MN-113,Pennington County,39.1
MN-115,Pine County,41.6
MN-117,Pipestone County,44.2
MN-119,Polk County,39.9
MN-121,Pope County,43
MN-123,Ramsey County,45.4
MN-125,Red Lake County,39.4
MN-127,Redwood County,45.2
MN-129,Renville County,45
MN-131,Rice County,44.9
MN-133,Rock County,45.6
MN-135,Roseau County,38.9
MN-137,St. Louis County,38.2
MN-139,Scott County,45.6
MN-141,Sherburne County,43.7
MN-143,Sibley County,45.5
MN-145,Stearns County,43
MN-147,Steele County,44.7
MN-149,Stevens County,43.5
MN-151,Swift County,44.2
MN-153,Todd County,41.9
MN-155,Traverse County,43.8
MN-157,Wabasha County,45.2
MN-159,Wadena County,41.2
MN-161,Waseca County,44.9
MN-163,Washington County,45.1
MN-165,Watonwan County,45.7
MN-167,Wilkin County,42.8
MN-169,Winona County,45.7
MN-171,Wright County,44.1
MN-173,Yellow Medicine County,45
MS-001,Adams County,66.7
MS-003,Alcorn County,61
MS-005,Amite County,67.3
MS-007,Attala County,64.2
MS-009,Benton County,61.5
MS-011,Bolivar County,63.7
MS-013,Calhoun County,63.4
MS-015,Carroll County,64.7
MS-017,Chickasaw County,63.6
MS-019,Choctaw County,63.6
MS-021,Claiborne County,66.3
MS-023,Clarke County,66
MS-025,Clay County,64.1
MS-027,Coahoma County,63.3
MS-029,Copiah County,66.3
MS-031,Covington County,66.2
MS-033,DeSoto County,62.4
MS-035,Forrest County,66.9
MS-037,Franklin County,66.6
MS-039,George County,67.5
MS-041,Greene County,66.9
MS-043,Grenada County,64.2
MS-045,Hancock County,68.2
MS-047,Harrison County,67.7
MS-049,Hinds County,66.2
MS-051,Holmes County,65.4
MS-053,Humphreys County,65.9
MS-055,Issaquena County,65.8
MS-057,Itawamba County,62.9
MS-059,Jackson County,68.2
MS-061,Jasper County,65.8
MS-063,Jefferson County,66.3
MS-065,Jefferson Davis County,66.4
MS-067,Jones County,66.3
MS-069,Kemper County,64.9
MS-071,Lafayette County,62.7
MS-073,Lamar County,66.9
MS-075,Lauderdale County,65.8
MS-077,Lawrence County,66.7
MS-079,Leake County,64.4
MS-081,Lee County,63.3
MS-083,Leflore County,65.3
MS-085,Lincoln County,66.5
MS-087,Lowndes County,64.5
MS-089,Madison County,65.4
MS-091,Marion County,67.2
MS-093,Marshall County,61.9
MS-095,Monroe County,63.7
MS-097,Montgomery County,63.7
MS-099,Neshoba County,64.4
MS-101,Newton County,65.3
MS-103,Noxubee County,64.7
MS-105,Oktibbeha County,64.3
MS-107,Panola County,62.9
MS-109,Pearl River County,67.4
MS-111,Perry County,66.9
MS-113,Pike County,67.4
MS-115,Pontotoc County,63.1
MS-117,Prentiss County,62
MS-119,Quitman County,63.4
MS-121,Rankin County,65.6
MS-123,Scott County,64.9
MS-125,Sharkey County,65.8
MS-127,Simpson County,65.9
MS-129,Smith County,65.6
MS-131,Stone County,67.1
MS-133,Sunflower County,64.7
MS-135,Tallahatchie County,64.2
MS-137,Tate County,62.5
MS-139,Tippah County,61.4
MS-141,Tishomingo County,61.4
MS-143,Tunica County,62.9
MS-145,Union County,62.5
MS-147,Walthall County,67.2
MS-149,Warren County,66.3
MS-151,Washington County,64.9
MS-153,Wayne County,66.1
MS-155,Webster County,63.5
MS-157,Wilkinson County,67.3
MS-159,Winston County,64
MS-161,Yalobusha County,63.4
MS-163,Yazoo County,65.9
MO-001,Adair County,52.5
MO-003,Andrew County,53.2
MO-005,Atchison County,52.5
MO-007,Audrain County,54.3
MO-009,Barry County,57.5
MO-011,Barton County,57.1
MO-013,Bates County,56.5
MO-015,Benton County,56.2
MO-017,Bollinger County,57
MO-019,Boone County,55.5
MO-021,Buchanan County,54
MO-023,Butler County,58.9
MO-025,Caldwell County,53.6
MO-027,Callaway County,55.7
MO-029,Camden County,57.2
MO-031,Cape Girardeau County,57.6
MO-033,Carroll County,54.2
MO-035,Carter County,57.6
MO-037,Cass County,55.8
MO-039,Cedar County,57.2
MO-041,Chariton County,54.4
MO-043,Christian County,56.7
MO-045,Clark County,52.2
MO-047,Clay County,54.7
MO-049,Clinton County,53.5
MO-051,Cole County,56.8
MO-053,Cooper County,55.6
MO-055,Crawford County,55.4
MO-057,Dade County,57.4
MO-059,Dallas County,56.2
MO-061,Daviess County,52.9
MO-063,DeKalb County,52.8
MO-065,Dent County,55.6
MO-067,Douglas County,56.8
MO-069,Dunklin County,60.3
MO-071,Franklin County,55.9
MO-073,Gasconade County,55.7
MO-075,Gentry County,52.6
MO-077,Greene County,56.8
MO-079,Grundy County,52.8
MO-081,Harrison County,52.2
MO-083,Henry County,56.4
MO-085,Hickory County,56.5
MO-087,Holt County,53.4
MO-089,Howard County,55.2
MO-091,Howell County,57.5
MO-093,Iron County,55.3
MO-095,Jackson County,55.3
MO-097,Jasper County,58
MO-099,Jefferson County,57
MO-101,Johnson County,55.6
MO-103,Knox County,52.3
MO-105,Laclede County,56.6
MO-107,Lafayette County,55
MO-109,Lawrence County,57.1
MO-111,Lewis County,52.7
MO-113,Lincoln County,55
MO-115,Linn County,53.3
MO-117,Livingston County,53.5
MO-119,McDonald County,58.9
MO-121,Macon County,53.5
MO-123,Madison County,55.8
MO-125,Maries County,56.8
MO-127,Marion County,53.5
MO-129,Mercer County,51.6
MO-131,Miller County,57.4
MO-133,Mississippi County,59
MO-135,Moniteau County,56.1
MO-137,Monroe County,53.8
MO-139,Montgomery County,55.1
MO-141,Morgan County,56
MO-143,New Madrid County,59.5
MO-145,Newton County,58.6
MO-147,Nodaway County,52.4
MO-149,Oregon County,58.2
MO-151,Osage County,56.5
MO-153,Ozark County,57.6
MO-155,Pemiscot County,60.5
MO-157,Perry County,56.6
MO-159,Pettis County,55.4
MO-161,Phelps County,56.5
MO-163,Pike County,54.3
MO-165,Platte County,55
MO-167,Polk County,56.8
MO-169,Pulaski County,57.4
MO-171,Putnam County,51.3
MO-173,Ralls County,54
MO-175,Randolph County,54.4
MO-177,Ray County,54.3
MO-179,Reynolds County,56
MO-181,Ripley County,58.4
MO-183,St. Charles County,56.3
MO-185,St. Clair County,56.8
MO-186,Ste. Genevieve County,56.4
MO-187,St. Francois County,55.7
MO-189,St. Louis County,56.8
MO-195,Saline County,55.1
MO-197,Schuyler County,51.8
MO-199,Scotland County,51.8
MO-201,Scott County,58.6
MO-203,Shannon County,57.1
MO-205,Shelby County,52.9
MO-207,Stoddard County,58.9
MO-209,Stone County,57.5
MO-211,Sullivan County,52.2
MO-213,Taney County,57.8
MO-215,Texas County,56.2
MO-217,Vernon County,56.8
MO-219,Warren County,55.6
MO-221,Washington County,55.6
MO-223,Wayne County,57.3
MO-225,Webster County,55.8
MO-227,Worth County,52
MO-229,Wright County,56
MO-510,St. Louis City,57.1
MT-001,Beaverhead County,38.6
MT-003,Big Horn County,45.3
MT-005,Blaine County,42.3
MT-007,Broadwater County,43
MT-009,Carbon County,43.1
MT-011,Carter County,44.2
MT-013,Cascade County,42.8
MT-015,Chouteau County,43.4
MT-017,Custer County,45.3
MT-019,Daniels County,39.2
MT-021,Dawson County,43.4
MT-023,Deer Lodge County,38.9
MT-025,Fallon County,43.7
MT-027,Fergus County,43.7
MT-029,Flathead County,40.7
MT-031,Gallatin County,40.2
MT-033,Garfield County,44.2
MT-035,Glacier County,39.7
MT-037,Golden Valley County,43.7
MT-039,Granite County,39.9
MT-041,Hill County,41.2
MT-043,Jefferson County,41.7
MT-045,Judith Basin County,41.7
MT-047,Lake County,44.2
MT-049,Lewis and Clark County,41.2
MT-051,Liberty County,41.2
MT-053,Lincoln County,42.5
MT-055,McCone County,43.1
MT-057,Madison County,40.3
MT-059,Meagher County,40.3
MT-061,Mineral County,42.6
MT-063,Missoula County,41.9
MT-065,Musselshell County,45
MT-067,Park County,39.7
MT-069,Petroleum County,45.7
MT-071,Phillips County,42.9
MT-073,Pondera County,41.6
MT-075,Powder River County,45.6
MT-077,Powell County,40.3
MT-079,Prairie County,44.3
MT-081,Ravalli County,40.8
MT-083,Richland County,42.7
MT-085,Roosevelt County,41.5
MT-087,Rosebud County,44.9
MT-089,Sanders County,43.3
MT-091,Sheridan County,40.1
MT-093,Silver Bow County,40.5
MT-095,Stillwater County,42.9
MT-097,Sweet Grass County,42.5
MT-099,Teton County,41.7
MT-101,Toole County,41.7
MT-103,Treasure County,45.4
MT-105,Valley County,41.2
MT-107,Wheatland County,42.6
MT-109,Wibaux County,43.2
MT-111,Yellowstone County,45.9
NE-001,Adams County,51.4
NE-003,Antelope County,48.5
NE-005,Arthur County,48.8
NE-007,Banner County,48.4
NE-009,Blaine County,48.9
NE-011,Boone County,49.3
NE-013,Box Butte County,47.4
NE-015,Boyd County,48.7
NE-017,Brown County,48.8
NE-019,Buffalo County,50.6
NE-021,Burt County,49.8
NE-023,Butler County,50.4
NE-025,Cass County,51.6
NE-027,Cedar County,48.3
NE-029,Chase County,51.5
NE-031,Cherry County,48.1
NE-033,Cheyenne County,49.1
NE-035,Clay County,51.7
NE-037,Colfax County,50.3
NE-039,Cuming County,49.3
NE-041,Custer County,49.2
NE-043,Dakota County,48.7
NE-045,Dawes County,48
NE-047,Dawson County,50.4
NE-049,Deuel County,49.8
NE-051,Dixon County,48.2
NE-053,Dodge County,50.5
NE-055,Douglas County,51.5
NE-057,Dundy County,52.2
NE-059,Fillmore County,51.6
NE-061,Franklin County,52.3
NE-063,Frontier County,51.3
NE-065,Furnas County,51.8
NE-067,Gage County,52.1
NE-069,Garden County,48.6
NE-071,Garfield County,48.5
NE-073,Gosper County,51
NE-075,Grant County,47.7
NE-077,Greeley County,49.2
NE-079,Hall County,51
NE-081,Hamilton County,51.3
NE-083,Harlan County,52.2
NE-085,Hayes County,51.1
NE-087,Hitchcock County,52.2
NE-089,Holt County,48.2
NE-091,Hooker County,47.9
NE-093,Howard County,50.4
NE-095,Jefferson County,52.5
NE-097,Johnson County,52
NE-099,Kearney County,51.2
NE-101,Keith County,50.2
NE-103,Keya Paha County,48.6
NE-105,Kimball County,47.8
NE-107,Knox County,48.6
NE-109,Lancaster County,51.7
NE-111,Lincoln County,50
NE-113,Logan County,48.8
NE-115,Loup County,48.6
NE-117,McPherson County,48.7
NE-119,Madison County,49.1
NE-121,Merrick County,51
NE-123,Morrill County,48.9
NE-125,Nance County,50.4
NE-127,Nemaha County,52.5
NE-129,Nuckolls County,52.3
NE-131,Otoe County,51.8
NE-133,Pawnee County,52.5
NE-135,Perkins County,50.5
NE-137,Phelps County,51
NE-139,Pierce County,48.4
NE-141,Platte County,50.1
NE-143,Polk County,50.8
NE-145,Red Willow County,52.3
NE-147,Richardson County,53.2
NE-149,Rock County,48.2
NE-151,Saline County,51.5
NE-153,Sarpy County,51.7
NE-155,Saunders County,51.3
NE-157,Scotts Bluff County,49.2
NE-159,Seward County,50.8
NE-161,Sheridan County,47.4
NE-163,Sherman County,50
NE-165,Sioux County,46.7
NE-167,Stanton County,49.3
NE-169,Thayer County,52.5
NE-171,Thomas County,48.7
NE-173,Thurston County,48.9
NE-175,Valley County,49.1
NE-177,Washington County,50.9
NE-179,Wayne County,48.5
NE-181,Webster County,52.2
NE-183,Wheeler County,48.8
NE-185,York County,51
NV-001,Churchill County,52.4
NV-003,Clark County,65.9
NV-005,Douglas County,50
NV-007,Elko County,46.2
NV-009,Esmeralda County,54.7
NV-011,Eureka County,47.5
NV-013,Humboldt County,50.3
NV-015,Lander County,49.4
NV-017,Lincoln County,56.3
NV-019,Lyon County,52.3
NV-021,Mineral County,51.9
NV-023,Nye County,53.5
NV-027,Pershing County,51.7
NV-029,Storey County,51.8
NV-031,Washoe County,50.2
NV-033,White Pine County,47.3
NV-510,Carson City,51.2
NH-001,Belknap County,46
NH-003,Carroll County,44.3
NH-005,Cheshire County,46.7
NH-007,Coos County,40.7
NH-009,Grafton County,43.2
NH-011,Hillsborough County,48.1
NH-013,Merrimack County,46.6
NH-015,Rockingham County,48.6
NH-017,Strafford County,46.9
NH-019,Sullivan County,45
NJ-001,Atlantic County,56.2
NJ-003,Bergen County,54.2
NJ-005,Burlington County,56
NJ-007,Camden County,56.4
NJ-009,Cape May County,56.5
NJ-011,Cumberland County,56.4
NJ-013,Essex County,54.6
NJ-015,Gloucester County,56.5
NJ-017,Hudson County,56
NJ-019,Hunterdon County,52.9
NJ-021,Mercer County,54.9
NJ-023,Middlesex County,55.3
NJ-025,Monmouth County,55.4
NJ-027,Morris County,51.9
NJ-029,Ocean County,55.5
NJ-031,Passaic County,52.1
NJ-033,Salem County,56.5
NJ-035,Somerset County,54
NJ-037,Sussex County,50.2
NJ-039,Union County,55.2
NJ-041,Warren County,51.4
NM-001,Bernalillo County,55.1
NM-003,Catron County,50.3
NM-005,Chaves County,61
NM-006,Cibola County,50.4
NM-007,Colfax County,48.4
NM-009,Curry County,58.3
NM-011,De Baca County,60
NM-013,Dona Ana County,63.2
NM-015,Eddy County,63.4
NM-017,Grant County,57.9
NM-019,Guadalupe County,56.9
NM-021,Harding County,55.6
NM-023,Hidalgo County,61.8
NM-025,Lea County,61.7
NM-027,Lincoln County,56.1
NM-028,Los Alamos County,48.8
NM-029,Luna County,62.6
NM-031,McKinley County,50.7
NM-033,Mora County,49.6
NM-035,Otero County,59.2
NM-037,Quay County,58.7
NM-039,Rio Arriba County,47.3
NM-041,Roosevelt County,59.1
NM-043,Sandoval County,51.8
NM-045,San Juan County,53.1
NM-047,San Miguel County,54.4
NM-049,Santa Fe County,51
NM-051,Sierra County,59.3
NM-053,Socorro County,55.9
NM-055,Taos County,45
NM-057,Torrance County,52.7
NM-059,Union County,53.1
NM-061,Valencia County,57
NY-001,Albany County,48.4
NY-003,Allegany County,46.9
NY-005,Bronx County,55.8
NY-007,Broome County,47.2
NY-009,Cattaraugus County,47
NY-011,Cayuga County,47.6
NY-013,Chautauqua County,48.3
NY-015,Chemung County,48.1
NY-017,Chenango County,46.2
NY-019,Clinton County,44
NY-021,Columbia County,49.4
NY-023,Cortland County,45.7
NY-025,Delaware County,45.5
NY-027,Dutchess County,50.6
NY-029,Erie County,48.7
NY-031,Essex County,42.1
NY-033,Franklin County,42.5
NY-035,Fulton County,45.4
NY-037,Genesee County,48.2
NY-039,Greene County,46.9
NY-041,Hamilton County,41.5
NY-043,Herkimer County,43.5
NY-045,Jefferson County,45.8
NY-047,Kings County,56.1
NY-049,Lewis County,43.4
NY-051,Livingston County,48.6
NY-053,Madison County,45.9
NY-055,Monroe County,49.2
NY-057,Montgomery County,47.5
NY-059,Nassau County,55
NY-061,New York County,56.1
NY-063,Niagara County,49.3
NY-065,Oneida County,45.8
NY-067,Onondaga County,47.6
NY-069,Ontario County,48.2
NY-071,Orange County,50.6
NY-073,Orleans County,48.7
NY-075,Oswego County,47.1
NY-077,Otsego County,45.4
NY-079,Putnam County,51.2
NY-081,Queens County,55.7
NY-083,Rensselaer County,48.3
NY-085,Richmond County,56.1
NY-087,Rockland County,52.8
NY-089,St. Lawrence County,44.2
NY-091,Saratoga County,47.2
NY-093,Schenectady County,48
NY-095,Schoharie County,45.9
NY-097,Schuyler County,47.5
NY-099,Seneca County,48.5
NY-101,Steuben County,47.2
NY-103,Suffolk County,53.4
NY-105,Sullivan County,47.5
NY-107,Tioga County,47.5
NY-109,Tompkins County,47
NY-111,Ulster County,48.5
NY-113,Warren County,44.3
NY-115,Washington County,46.9
NY-117,Wayne County,48.2
NY-119,Westchester County,53.2
NY-121,Wyoming County,47
NY-123,Yates County,48.2
NC-001,Alamance County,60
NC-003,Alexander County,58.8
NC-005,Alleghany County,53.1
NC-007,Anson County,63.2
NC-009,Ashe County,51.8
NC-011,Avery County,51.3
NC-013,Beaufort County,63.4
NC-015,Bertie County,61.8
NC-017,Bladen County,63.6
NC-019,Brunswick County,64.6
NC-021,Buncombe County,55.2
NC-023,Burke County,58.6
NC-025,Cabarrus County,61.2
NC-027,Caldwell County,58.2
NC-029,Camden County,61.9
NC-031,Carteret County,64.6
NC-033,Caswell County,59.3
NC-035,Catawba County,59.9
NC-037,Chatham County,61.1
NC-039,Cherokee County,57
NC-041,Chowan County,62.4
NC-043,Clay County,55.9
NC-045,Cleveland County,60.3
NC-047,Columbus County,64.1
NC-049,Craven County,63.5
NC-051,Cumberland County,63.4
NC-053,Currituck County,62
NC-055,Dare County,63.1
NC-057,Davidson County,60
NC-059,Davie County,59.5
NC-061,Duplin County,62.8
NC-063,Durham County,60.3
NC-065,Edgecombe County,61.7
NC-067,Forsyth County,59.3
NC-069,Franklin County,60.8
NC-071,Gaston County,61.5
NC-073,Gates County,61.2
NC-075,Graham County,54.9
NC-077,Granville County,59.9
NC-079,Greene County,62.5
NC-081,Guilford County,59.7
NC-083,Halifax County,61
NC-085,Harnett County,62.5
NC-087,Haywood County,52.1
NC-089,Henderson County,56.2
NC-091,Hertford County,61
NC-093,Hoke County,63.2
NC-095,Hyde County,64
NC-097,Iredell County,59.7
NC-099,Jackson County,53.5
NC-101,Johnston County,62.4
NC-103,Jones County,63.2
NC-105,Lee County,61.9
NC-107,Lenoir County,62.6
NC-109,Lincoln County,60.6
NC-111,McDowell County,57.7
NC-113,Macon County,54.8
NC-115,Madison County,55.8
NC-117,Martin County,62.3
NC-119,Mecklenburg County,61.9
NC-121,Mitchell County,52.4
NC-123,Montgomery County,62.2
NC-125,Moore County,62.4
NC-127,Nash County,61.1
NC-129,New Hanover County,64.8
NC-131,Northampton County,60.7
NC-133,Onslow County,63.9
NC-135,Orange County,59.8
NC-137,Pamlico County,64.1
NC-139,Pasquotank County,62.1
NC-141,Pender County,63.9
NC-143,Perquimans County,62.2
NC-145,Person County,59.2
NC-147,Pitt County,62.7
NC-149,Polk County,59.8
NC-151,Randolph County,60.5
NC-153,Richmond County,63.4
NC-155,Robeson County,64
NC-157,Rockingham County,59.3
NC-159,Rowan County,60.2
NC-161,Rutherford County,59.9
NC-163,Sampson County,62.9
NC-165,Scotland County,63.7
NC-167,Stanly County,61.9
NC-169,Stokes County,58.8
NC-171,Surry County,57.8
NC-173,Swain County,53
NC-175,Transylvania County,55.2
NC-177,Tyrrell County,63.2
NC-179,Union County,62.3
NC-181,Vance County,60.1
NC-183,Wake County,61.3
NC-185,Warren County,60.5
NC-187,Washington County,62.8
NC-189,Watauga County,52
NC-191,Wayne County,62.7
NC-193,Wilkes County,58
NC-195,Wilson County,62.1
NC-197,Yadkin County,58.8
NC-199,Yancey County,52.2
ND-001,Adams County,42.8
ND-003,Barnes County,41.3
ND-005,Benson County,39.8
ND-007,Billings County,42.7
ND-009,Bottineau County,39.4
ND-011,Bowman County,43.2
ND-013,Burke County,38.8
ND-015,Burleigh County,41.9
ND-017,Cass County,41.7
ND-019,Cavalier County,38.2
ND-021,Dickey County,42.1
ND-023,Divide County,39.6
ND-025,Dunn County,42.2
ND-027,Eddy County,40.2
ND-029,Emmons County,42.4
ND-031,Foster County,40.4
ND-033,Golden Valley County,42.9
ND-035,Grand Forks County,40.3
ND-037,Grant County,42.7
ND-039,Griggs County,40
ND-041,Hettinger County,42.4
ND-043,Kidder County,40.8
ND-045,LaMoure County,41.9
ND-047,Logan County,41.2
ND-049,McHenry County,40.6
ND-051,McIntosh County,41.3
ND-053,McKenzie County,42.2
ND-055,McLean County,41.7
ND-057,Mercer County,42.2
ND-059,Morton County,42.4
ND-061,Mountrail County,40.3
ND-063,Nelson County,39.3
ND-065,Oliver County,42
ND-067,Pembina County,39.9
ND-069,Pierce County,39.5
ND-071,Ramsey County,39.3
ND-073,Ransom County,42
ND-075,Renville County,39.9
ND-077,Richland County,42.7
ND-079,Rolette County,38.2
ND-081,Sargent County,42.2
ND-083,Sheridan County,41.1
ND-085,Sioux County,43.1
ND-087,Slope County,43.1
ND-089,Stark County,42.4
ND-091,Steele County,39.7
ND-093,Stutsman County,41.1
ND-095,Towner County,38.6
ND-097,Traill County,40.6
ND-099,Walsh County,39.8
ND-101,Ward County,40.8
ND-103,Wells County,40.1
ND-105,Williams County,41
OH-001,Adams County,54.7
OH-003,Allen County,52.1
OH-005,Ashland County,51.1
OH-007,Ashtabula County,50.3
OH-009,Athens County,54
OH-011,Auglaize County,51.8
OH-013,Belmont County,52.4
OH-015,Brown County,54.3
OH-017,Butler County,54.2
OH-019,Carroll County,51.7
OH-021,Champaign County,51.9
OH-023,Clark County,52.8
OH-025,Clermont County,54.9
OH-027,Clinton County,53.5
OH-029,Columbiana County,51
OH-031,Coshocton County,52.2
OH-033,Crawford County,51.6
OH-035,Cuyahoga County,52.1
OH-037,Darke County,52.5
OH-039,Defiance County,51.3
OH-041,Delaware County,52.6
OH-043,Erie County,52
OH-045,Fairfield County,53.4
OH-047,Fayette County,53.2
OH-049,Franklin County,53.7
OH-051,Fulton County,51.2
OH-053,Gallia County,54.7
OH-055,Geauga County,50.3
OH-057,Greene County,53.5
OH-059,Guernsey County,52.6
OH-061,Hamilton County,55.2
OH-063,Hancock County,52.5
OH-065,Hardin County,52.4
OH-067,Harrison County,52.1
OH-069,Henry County,51.9
OH-071,Highland County,53.7
OH-073,Hocking County,53.4
OH-075,Holmes County,51.5
OH-077,Huron County,51.3
OH-079,Jackson County,54.2
OH-081,Jefferson County,52
OH-083,Knox County,51.2
OH-085,Lake County,51.6
OH-087,Lawrence County,55.6
OH-089,Licking County,52.3
OH-091,Logan County,51.6
OH-093,Lorain County,51.5
OH-095,Lucas County,52.6
OH-097,Madison County,52.9
OH-099,Mahoning County,50.9
OH-101,Marion County,52.4
OH-103,Medina County,51.6
OH-105,Meigs County,54.1
OH-107,Mercer County,51.7
OH-109,Miami County,53.3
OH-111,Monroe County,52.9
OH-113,Montgomery County,53.9
OH-115,Morgan County,53.6
OH-117,Morrow County,51.3
OH-119,Muskingum County,53.1
OH-121,Noble County,53.2
OH-123,Ottawa County,52.5
OH-125,Paulding County,51.5
OH-127,Perry County,53
OH-129,Pickaway County,54.3
OH-131,Pike County,54.6
OH-133,Portage County,51.3
OH-135,Preble County,52.7
OH-137,Putnam County,52.1
OH-139,Richland County,51.1
OH-141,Ross County,54.4
OH-143,Sandusky County,52.2
OH-145,Scioto County,55.1
OH-147,Seneca County,51.9
OH-149,Shelby County,52
OH-151,Stark County,52.2
OH-153,Summit County,52.5
OH-155,Trumbull County,50.7
OH-157,Tuscarawas County,52.3
OH-159,Union County,52.4
OH-161,Van Wert County,51.6
OH-163,Vinton County,53.7
OH-165,Warren County,54.4
OH-167,Washington County,54.5
OH-169,Wayne County,51.4
OH-171,Williams County,50.5
OH-173,Wood County,52.6
OH-175,Wyandot County,52.6
OK-001,Adair County,59.5
OK-003,Alfalfa County,59
OK-005,Atoka County,62.8
OK-007,Beaver County,57.8
OK-009,Beckham County,61
OK-011,Blaine County,60.1
OK-013,Bryan County,63.7
OK-015,Caddo County,61.1
OK-017,Canadian County,60.7
OK-019,Carter County,62.7
OK-021,Cherokee County,60.1
OK-023,Choctaw County,63.3
OK-025,Cimarron County,55.3
OK-027,Cleveland County,61.4
OK-029,Coal County,62.5
OK-031,Comanche County,62.2
OK-033,Cotton County,63.2
OK-035,Craig County,59
OK-037,Creek County,60.7
OK-039,Custer County,60.1
OK-041,Delaware County,59.1
OK-043,Dewey County,59.2
OK-045,Ellis County,58.6
OK-047,Garfield County,59.7
OK-049,Garvin County,62
OK-051,Grady County,61.6
OK-053,Grant County,59.1
OK-055,Greer County,61.9
OK-057,Harmon County,62.3
OK-059,Harper County,58.3
OK-061,Haskell County,62
OK-063,Hughes County,61.8
OK-065,Jackson County,62.8
OK-067,Jefferson County,63.3
OK-069,Johnston County,62.7
OK-071,Kay County,59.3
OK-073,Kingfisher County,60.5
OK-075,Kiowa County,61.8
OK-077,Latimer County,61.7
OK-079,Le Flore County,61.5
OK-081,Lincoln County,60.8
OK-083,Logan County,60.5
OK-085,Love County,63.5
OK-087,McClain County,61.7
OK-089,McCurtain County,62.8
OK-091,McIntosh County,61.9
OK-093,Major County,59.5
OK-095,Marshall County,63.4
OK-097,Mayes County,59.7
OK-099,Murray County,62.2
OK-101,Muskogee County,61.6
OK-103,Noble County,60.1
OK-105,Nowata County,59.2
OK-107,Okfuskee County,61.4
OK-109,Oklahoma County,61
OK-111,Okmulgee County,61.5
OK-113,Osage County,59.3
OK-115,Ottawa County,59.3
OK-117,Pawnee County,60.1
OK-119,Payne County,60.5
OK-121,Pittsburg County,62
OK-123,Pontotoc County,61.9
OK-125,Pottawatomie County,61.4
OK-127,Pushmataha County,62.2
OK-129,Roger Mills County,60
OK-131,Rogers County,60.1
OK-133,Seminole County,61.5
OK-135,Sequoyah County,61.5
OK-137,Stephens County,62.3
OK-139,Texas County,57.2
OK-141,Tillman County,63.2
OK-143,Tulsa County,60.8
OK-145,Wagoner County,61.1
OK-147,Washington County,59.4
OK-149,Washita County,60.9
OK-151,Woods County,58.5
OK-153,Woodward County,58.5
OR-001,Baker County,46.5
OR-003,Benton County,53
OR-005,Clackamas County,49.3
OR-007,Clatsop County,50.6
OR-009,Columbia County,51.4
OR-011,Coos County,53.3
OR-013,Crook County,46.7
OR-015,Curry County,53.6
OR-017,Deschutes County,45.2
OR-019,Douglas County,51.7
OR-021,Gilliam County,51.1
OR-023,Grant County,45.1
OR-025,Harney County,47.1
OR-027,Hood River County,46.5
OR-029,Jackson County,51.3
OR-031,Jefferson County,48.4
OR-033,Josephine County,52.1
OR-035,Klamath County,45.7
OR-037,Lake County,46.3
OR-039,Lane County,50.7
OR-041,Lincoln County,52.2
OR-043,Linn County,50.1
OR-045,Malheur County,49
OR-047,Marion County,50.7
OR-049,Morrow County,50.6
OR-051,Multnomah County,52.3
OR-053,Polk County,52.6
OR-055,Sherman County,50.9
OR-057,Tillamook County,50.2
OR-059,Umatilla County,49.6
OR-061,Union County,45.4
OR-063,Wallowa County,44.2
OR-065,Wasco County,49.3
OR-067,Washington County,51.8
OR-069,Wheeler County,48
OR-071,Yamhill County,52.5
PA-001,Adams County,53.7
PA-003,Allegheny County,52.6
PA-005,Armstrong County,50.8
PA-007,Beaver County,51.6
PA-009,Bedford County,51.7
PA-011,Berks County,53.4
PA-013,Blair County,50.4
PA-015,Bradford County,48
PA-017,Bucks County,54.1
PA-019,Butler County,50.3
PA-021,Cambria County,48.6
PA-023,Cameron County,47.8
PA-025,Carbon County,49
PA-027,Centre County,49.5
PA-029,Chester County,54.4
PA-031,Clarion County,49.5
PA-033,Clearfield County,48.6
PA-035,Clinton County,49
PA-037,Columbia County,50
PA-039,Crawford County,49.1
PA-041,Cumberland County,53.6
PA-043,Dauphin County,53
PA-045,Delaware County,56
PA-047,Elk County,48.1
PA-049,Erie County,49.3
PA-051,Fayette County,51.6
PA-053,Forest County,48.6
PA-055,Franklin County,53.2
PA-057,Fulton County,52.8
PA-059,Greene County,52.7
PA-061,Huntingdon County,51.8
PA-063,Indiana County,50.1
PA-065,Jefferson County,48.8
PA-067,Juniata County,52.3
PA-069,Lackawanna County,48.3
PA-071,Lancaster County,54.1
PA-073,Lawrence County,50.6
PA-075,Lebanon County,53.1
PA-077,Lehigh County,53
PA-079,Luzerne County,48.6
PA-081,Lycoming County,49.1
PA-083,McKean County,47.2
PA-085,Mercer County,49.8
PA-087,Mifflin County,51.5
PA-089,Monroe County,48.4
PA-091,Montgomery County,54.9
PA-093,Montour County,51.1
PA-095,Northampton County,52
PA-097,Northumberland County,51.3
PA-099,Perry County,52.8
PA-101,Philadelphia County,56.5
PA-103,Pike County,48.2
PA-105,Potter County,46.6
PA-107,Schuylkill County,50.6
PA-109,Snyder County,51.6
PA-111,Somerset County,49.2
PA-113,Sullivan County,46.5
PA-115,Susquehanna County,47.6
PA-117,Tioga County,47
PA-119,Union County,50.8
PA-121,Venango County,49.4
PA-123,Warren County,48
PA-125,Washington County,52.4
PA-127,Wayne County,47.5
PA-129,Westmoreland County,51.7
PA-131,Wyoming County,48.7
PA-133,York County,54.1
RI-001,Bristol County,52.7
RI-003,Kent County,51.6
RI-005,Newport County,52.5
RI-007,Providence County,51.1
RI-009,Washington County,52.2
SC-001,Abbeville County,63.2
SC-003,Aiken County,65.5
SC-005,Allendale County,65.9
SC-007,Anderson County,62.5
SC-009,Bamberg County,65.5
SC-011,Barnwell County,65.8
SC-013,Beaufort County,67.8
SC-015,Berkeley County,66.5
SC-017,Calhoun County,65.4
SC-019,Charleston County,67
SC-021,Cherokee County,61.2
SC-023,Chester County,62.2
SC-025,Chesterfield County,63.5
SC-027,Clarendon County,65.3
SC-029,Colleton County,66.3
SC-031,Darlington County,64.6
SC-033,Dillon County,64.7
SC-035,Dorchester County,66.5
SC-037,Edgefield County,64.7
SC-039,Fairfield County,63.1
SC-041,Florence County,65.3
SC-043,Georgetown County,65.2
SC-045,Greenville County,61.4
SC-047,Greenwood County,63.4
SC-049,Hampton County,66
SC-051,Horry County,64.8
SC-053,Jasper County,67.1
SC-055,Kershaw County,63.5
SC-057,Lancaster County,62.4
SC-059,Laurens County,62.7
SC-061,Lee County,64.3
SC-063,Lexington County,64.6
SC-065,McCormick County,64
SC-067,Marion County,65.1
SC-069,Marlboro County,64.4
SC-071,Newberry County,63.4
SC-073,Oconee County,60.8
SC-075,Orangeburg County,65.7
SC-077,Pickens County,61.4
SC-079,Richland County,64.6
SC-081,Saluda County,63.9
SC-083,Spartanburg County,61.8
SC-085,Sumter County,64.7
SC-087,Union County,62.2
SC-089,Williamsburg County,65.4
SC-091,York County,61.8
SD-003,Aurora County,46.7
SD-005,Beadle County,45.4
SD-007,Bennett County,47.5
SD-009,Bon Homme County,48.3
SD-011,Brookings County,43.8
SD-013,Brown County,43.4
SD-015,Brule County,47.5
SD-017,Buffalo County,46.2
SD-019,Butte County,45.6
SD-021,Campbell County,43.2
SD-023,Charles Mix County,48.5
SD-025,Clark County,43.4
SD-027,Clay County,47.9
SD-029,Codington County,42.5
SD-031,Corson County,43.9
SD-033,Custer County,46
SD-035,Davison County,46.4
SD-037,Day County,42.2
SD-039,Deuel County,43.1
SD-041,Dewey County,45.2
SD-043,Douglas County,47.4
SD-045,Edmunds County,43.2
SD-047,Fall River County,47.7
SD-049,Faulk County,43.8
SD-051,Grant County,43.5
SD-053,Gregory County,48.3
SD-055,Haakon County,46.8
SD-057,Hamlin County,43.2
SD-059,Hand County,44.9
SD-061,Hanson County,46.2
SD-063,Harding County,44.7
SD-065,Hughes County,46.4
SD-067,Hutchinson County,47.3
SD-069,Hyde County,44.7
SD-071,Jackson County,47.9
SD-073,Jerauld County,45.5
SD-075,Jones County,47.5
SD-077,Kingsbury County,44.2
SD-079,Lake County,44.8
SD-081,Lawrence County,43.2
SD-083,Lincoln County,46.8
SD-085,Lyman County,47.6
SD-087,McCook County,46.3
SD-089,McPherson County,42.1
SD-091,Marshall County,41.8
SD-093,Meade County,46.2
SD-095,Mellette County,48.3
SD-097,Miner County,45.3
SD-099,Minnehaha County,46.4
SD-101,Moody County,44.7
SD-102,Oglala Lakota County,48.3
SD-103,Pennington County,46.1
SD-105,Perkins County,44.2
SD-107,Potter County,44.2
SD-109,Roberts County,43.2
SD-111,Sanborn County,45.8
SD-115,Spink County,44.7
SD-117,Stanley County,46.9
SD-119,Sully County,45.5
SD-121,Todd County,47.9
SD-123,Tripp County,48.3
SD-125,Turner County,47.2
SD-127,Union County,47.8
SD-129,Walworth County,43.8
SD-135,Yankton County,48.2
SD-137,Ziebach County,45.7
TN-001,Anderson County,58.4
TN-003,Bedford County,60
TN-005,Benton County,60.1
TN-007,Bledsoe County,58.2
TN-009,Blount County,59
TN-011,Bradley County,60.7
TN-013,Campbell County,56.4
TN-015,Cannon County,59.2
TN-017,Carroll County,60
TN-019,Carter County,54.8
TN-021,Cheatham County,60
TN-023,Chester County,60.6
TN-025,Claiborne County,56
TN-027,Clay County,58.8
TN-029,Cocke County,58.5
TN-031,Coffee County,58.9
TN-033,Crockett County,60.6
TN-035,Cumberland County,56.3
TN-037,Davidson County,60.4
TN-039,Decatur County,60.8
TN-041,DeKalb County,59.3
TN-043,Dickson County,59.4
TN-045,Dyer County,60.3
TN-047,Fayette County,61.5
TN-049,Fentress County,57.1
TN-051,Franklin County,59.6
TN-053,Gibson County,60
TN-055,Giles County,59.9
TN-057,Grainger County,57.8
TN-059,Greene County,58.3
TN-061,Grundy County,57.4
TN-063,Hamblen County,58.7
TN-065,Hamilton County,60.6
TN-067,Hancock County,56.7
TN-069,Hardeman County,61.1
TN-071,Hardin County,60.9
TN-073,Hawkins County,58
TN-075,Haywood County,61.1
TN-077,Henderson County,60.4
TN-079,Henry County,59.4
TN-081,Hickman County,59.6
TN-083,Houston County,59.5
TN-085,Humphreys County,59.8
TN-087,Jackson County,59.1
TN-089,Jefferson County,59.4
TN-091,Johnson County,53.4
TN-093,Knox County,59.6
TN-095,Lake County,59.8
TN-097,Lauderdale County,61.1
TN-099,Lawrence County,60
TN-101,Lewis County,59.7
TN-103,Lincoln County,60.2
TN-105,Loudon County,60
TN-107,McMinn County,60.4
TN-109,McNairy County,60.8
TN-111,Macon County,58.4
TN-113,Madison County,60.7
TN-115,Marion County,59.4
TN-117,Marshall County,59.9
TN-119,Maury County,59.8
TN-121,Meigs County,60.3
TN-123,Monroe County,59
TN-125,Montgomery County,59.8
TN-127,Moore County,59.8
TN-129,Morgan County,57.4
TN-131,Obion County,59.2
TN-133,Overton County,58.1
TN-135,Perry County,60.4
TN-137,Pickett County,58.4
TN-139,Polk County,59.5
TN-141,Putnam County,58.3
TN-143,Rhea County,59.2
TN-145,Roane County,59.6
TN-147,Robertson County,59.2
TN-149,Rutherford County,60.2
TN-151,Scott County,56.5
TN-153,Sequatchie County,58.3
TN-155,Sevier County,57.3
TN-157,Shelby County,62.2
TN-159,Smith County,59.3
TN-161,Stewart County,59.5
TN-163,Sullivan County,57.5
TN-165,Sumner County,59.2
TN-167,Tipton County,61.5
TN-169,Trousdale County,59.4
TN-171,Unicoi County,54.4
TN-173,Union County,57.6
TN-175,Van Buren County,57.9
TN-177,Warren County,58.9
TN-179,Washington County,57.7
TN-181,Wayne County,60.4
TN-183,Weakley County,59.4
TN-185,White County,58.4
TN-187,Williamson County,59.8
TN-189,Wilson County,59.8
TX-001,Anderson County,66.5
TX-003,Andrews County,64
TX-005,Angelina County,67.4
TX-007,Aransas County,72.8
TX-009,Archer County,64.5
TX-011,Armstrong County,60.2
TX-013,Atascosa County,71.2
TX-015,Austin County,70
TX-017,Bailey County,58.8
TX-019,Bandera County,67.9
TX-021,Bastrop County,69.4
TX-023,Baylor County,64.7
TX-025,Bee County,71.9
TX-027,Bell County,67.7
TX-029,Bexar County,70
TX-031,Blanco County,67.4
TX-033,Borden County,63.9
TX-035,Bosque County,66.5
TX-037,Bowie County,64.4
TX-039,Brazoria County,71.5
TX-041,Brazos County,68.5
TX-043,Brewster County,67
TX-045,Briscoe County,61.2
TX-047,Brooks County,74.8
TX-049,Brown County,65.8
TX-051,Burleson County,68.8
TX-053,Burnet County,67.3
TX-055,Caldwell County,69.8
TX-057,Calhoun County,72.3
TX-059,Callahan County,64.6
TX-061,Cameron County,75.8
TX-063,Camp County,65
TX-065,Carson County,59.2
TX-067,Cass County,64.7
TX-069,Castro County,58.4
TX-071,Chambers County,70.5
TX-073,Cherokee County,66.5
TX-075,Childress County,62.9
TX-077,Clay County,64.1
TX-079,Cochran County,59.7
TX-081,Coke County,65.5
TX-083,Coleman County,65.8
TX-085,Collin County,65.2
TX-087,Collingsworth County,61.2
TX-089,Colorado County,70.7
TX-091,Comal County,68.8
TX-093,Comanche County,65.6
TX-095,Concho County,65.9
TX-097,Cooke County,64.1
TX-099,Coryell County,66.8
TX-101,Cottle County,63.4
TX-103,Crane County,67.3
TX-105,Crockett County,66.5
TX-107,Crosby County,61.7
TX-109,Culberson County,63.8
TX-111,Dallam County,56
TX-113,Dallas County,66.7
TX-115,Dawson County,63
TX-117,Deaf Smith County,57.9
TX-119,Delta County,64.8
TX-121,Denton County,65.6
TX-123,DeWitt County,71.3
TX-125,Dickens County,63
TX-127,Dimmit County,72.6
TX-129,Donley County,60.5
TX-131,Duval County,73.3
TX-133,Eastland County,64.7
TX-135,Ector County,65.5
TX-137,Edwards County,66.7
TX-139,Ellis County,66.6
TX-141,El Paso County,65.8
TX-143,Erath County,65.6
TX-145,Falls County,67.4
TX-147,Fannin County,64.4
TX-149,Fayette County,69.9
TX-151,Fisher County,65
TX-153,Floyd County,60.3
TX-155,Foard County,64
TX-157,Fort Bend County,71.2
TX-159,Franklin County,64.9
TX-161,Freestone County,66.7
TX-163,Frio County,71.5
TX-165,Gaines County,62.4
TX-167,Galveston County,71.7
TX-169,Garza County,63.5
TX-171,Gillespie County,66.2
TX-173,Glasscock County,65
TX-175,Goliad County,71.8
TX-177,Gonzales County,70.6
TX-179,Gray County,59.4
TX-181,Grayson County,64.3
TX-183,Gregg County,65.6
TX-185,Grimes County,68.7
TX-187,Guadalupe County,69.9
TX-189,Hale County,59.8
TX-191,Hall County,62.5
TX-193,Hamilton County,66
TX-195,Hansford County,58.5
TX-197,Hardeman County,63.5
TX-199,Hardin County,68.6
TX-201,Harris County,70.9
TX-203,Harrison County,65.5
TX-205,Hartley County,57.1
TX-207,Haskell County,64.7
TX-209,Hays County,68.4
TX-211,Hemphill County,59.2
TX-213,Henderson County,66
TX-215,Hidalgo County,75.7
TX-217,Hill County,66.6
TX-219,Hockley County,60.5
TX-221,Hood County,66
TX-223,Hopkins County,65
TX-225,Houston County,66.9
TX-227,Howard County,64.6
TX-229,Hudspeth County,63.4
TX-231,Hunt County,65.1
TX-233,Hutchinson County,60.1
TX-235,Irion County,65.8
TX-237,Jack County,64.4
TX-239,Jackson County,71.6
TX-241,Jasper County,67.7
TX-243,Jeff Davis County,62.9
TX-245,Jefferson County,70
TX-247,Jim Hogg County,74.5
TX-249,Jim Wells County,73.7
TX-251,Johnson County,66.1
TX-253,Jones County,64.9
TX-255,Karnes County,71.1
TX-257,Kaufman County,66
TX-259,Kendall County,67.4
TX-261,Kenedy County,74.8
TX-263,Kent County,64.5
TX-265,Kerr County,66.1
TX-267,Kimble County,66.2
TX-269,King County,64.2
TX-271,Kinney County,70.1
TX-273,Kleberg County,74.5
TX-275,Knox County,64.6
TX-277,Lamar County,64.1
TX-279,Lamb County,59.2
TX-281,Lampasas County,66.7
TX-283,La Salle County,72.4
TX-285,Lavaca County,71.2
TX-287,Lee County,68.9
TX-289,Leon County,66.8
TX-291,Liberty County,69.6
TX-293,Limestone County,66.8
TX-295,Lipscomb County,58.3
TX-297,Live Oak County,72
TX-299,Llano County,67.6
TX-301,Loving County,66.2
TX-303,Lubbock County,61.4
TX-305,Lynn County,62.2
TX-307,McCulloch County,66.3
TX-309,McLennan County,67.1
TX-311,McMullen County,72.1
TX-313,Madison County,67.5
TX-315,Marion County,65.2
TX-317,Martin County,64.5
TX-319,Mason County,66.7
TX-321,Matagorda County,71.4
TX-323,Maverick County,72.1
TX-325,Medina County,70.4
TX-327,Menard County,65.8
TX-329,Midland County,65.8
TX-331,Milam County,68.2
TX-333,Mills County,66
TX-335,Mitchell County,65.2
TX-337,Montague County,64
TX-339,Montgomery County,69.7
TX-341,Moore County,58.7
TX-343,Morris County,64.8
TX-345,Motley County,62.4
TX-347,Nacogdoches County,66.7
TX-349,Navarro County,66.7
TX-351,Newton County,67.8
TX-353,Nolan County,64.6
TX-355,Nueces County,73.9
TX-357,Ochiltree County,58.6
TX-359,Oldham County,58.3
TX-361,Orange County,69.3
TX-363,Palo Pinto County,65.4
TX-365,Panola County,66
TX-367,Parker County,65.4
TX-369,Parmer County,58.3
TX-371,Pecos County,66.2
TX-373,Polk County,67.9
TX-375,Potter County,59.3
TX-377,Presidio County,66.3
TX-379,Rains County,65.2
TX-381,Randall County,58.8
TX-383,Reagan County,65.8
TX-385,Real County,67.1
TX-387,Red River County,64.2
TX-389,Reeves County,66.5
TX-391,Refugio County,72.3
TX-393,Roberts County,59.7
TX-395,Robertson County,67.5
TX-397,Rockwall County,65.7
TX-399,Runnels County,65.3
TX-401,Rusk County,66
TX-403,Sabine County,67.2
TX-405,San Augustine County,67.1
TX-407,San Jacinto County,68.5
TX-409,San Patricio County,72.9
TX-411,San Saba County,66.8
TX-413,Schleicher County,65.5
TX-415,Scurry County,64.4
TX-417,Shackelford County,64.9
TX-419,Shelby County,66.2
TX-421,Sherman County,57.7
TX-423,Smith County,65.7
TX-425,Somervell County,66.2
TX-427,Starr County,75.5
TX-429,Stephens County,64.8
TX-431,Sterling County,65.3
TX-433,Stonewall County,64.7
TX-435,Sutton County,66
TX-437,Swisher County,59.1
TX-439,Tarrant County,66.4
TX-441,Taylor County,64.5
TX-443,Terrell County,67.8
TX-445,Terry County,61.5
TX-447,Throckmorton County,64.8
TX-449,Titus County,64.9
TX-451,Tom Green County,66
TX-453,Travis County,68.7
TX-455,Trinity County,67.3
TX-457,Tyler County,67.5
TX-459,Upshur County,65.1
TX-461,Upton County,66.6
TX-463,Uvalde County,70.1
TX-465,Val Verde County,68.9
TX-467,Van Zandt County,65.5
TX-469,Victoria County,71.9
TX-471,Walker County,68
TX-473,Waller County,70.1
TX-475,Ward County,67.1
TX-477,Washington County,69.2
TX-479,Webb County,73.3
TX-481,Wharton County,71.3
TX-483,Wheeler County,60
TX-485,Wichita County,64
TX-487,Wilbarger County,64
TX-489,Willacy County,75.2
TX-491,Williamson County,68.1
TX-493,Wilson County,70.5
TX-495,Winkler County,65.8
TX-497,Wise County,65
TX-499,Wood County,65.3
TX-501,Yoakum County,60.8
TX-503,Young County,64.6
TX-505,Zapata County,75.1
TX-507,Zavala County,71.9
UT-001,Beaver County,50.4
UT-003,Box Elder County,49.2
UT-005,Cache County,44.8
UT-007,Carbon County,46.1
UT-009,Daggett County,42.3
UT-011,Davis County,50.9
UT-013,Duchesne County,43.3
UT-015,Emery County,51.7
UT-017,Garfield County,50.1
UT-019,Grand County,52.7
UT-021,Iron County,50.2
UT-023,Juab County,51.3
UT-025,Kane County,54
UT-027,Millard County,52.1
UT-029,Morgan County,45.4
UT-031,Piute County,45.3
UT-033,Rich County,41.3
UT-035,Salt Lake County,50.7
UT-037,San Juan County,54.2
UT-039,Sanpete County,45.6
UT-041,Sevier County,46.2
UT-043,Summit County,40.1
UT-045,Tooele County,51.8
UT-047,Uintah County,47.4
UT-049,Utah County,48.2
UT-051,Wasatch County,42.5
UT-053,Washington County,57.1
UT-055,Wayne County,52.3
UT-057,Weber County,47.6
VT-001,Addison County,44.6
VT-003,Bennington County,44.2
VT-005,Caledonia County,41.6
VT-007,Chittenden County,45.4
VT-009,Essex County,41
VT-011,Franklin County,44.5
VT-013,Grand Isle County,46
VT-015,Lamoille County,42.4
VT-017,Orange County,43.5
VT-019,Orleans County,41.8
VT-021,Rutland County,44.1
VT-023,Washington County,42.5
VT-025,Windham County,45.2
VT-027,Windsor County,44.4
VA-001,Accomack County,59.6
VA-003,Albemarle County,57.4
VA-005,Alleghany County,53.8
VA-007,Amelia County,59
VA-009,Amherst County,56.6
VA-011,Appomattox County,57.7
VA-013,Arlington County,57.8
VA-015,Augusta County,54.1
VA-017,Bath County,53.1
VA-019,Bedford County,57.4
VA-021,Bland County,52.3
VA-023,Botetourt County,55.7
VA-025,Brunswick County,59.9
VA-027,Buchanan County,55.3
VA-029,Buckingham County,58.2
VA-031,Campbell County,57.9
VA-033,Caroline County,58.3
VA-035,Carroll County,53.8
VA-036,Charles City County,60.5
VA-037,Charlotte County,58.4
VA-041,Chesterfield County,59.3
VA-043,Clarke County,55.2
VA-045,Craig County,53.8
VA-047,Culpeper County,57
VA-049,Cumberland County,58.6
VA-051,Dickenson County,55.1
VA-053,Dinwiddie County,59.8
VA-057,Essex County,58.8
VA-059,Fairfax County,57.5
VA-061,Fauquier County,56.3
VA-063,Floyd County,53
VA-065,Fluvanna County,58.2
VA-067,Franklin County,57.2
VA-069,Frederick County,54.4
VA-071,Giles County,53.3
VA-073,Gloucester County,60.4
VA-075,Goochland County,58.2
VA-077,Grayson County,51.8
VA-079,Greene County,56.1
VA-081,Greensville County,60.5
VA-083,Halifax County,58.8
VA-085,Hanover County,58.6
VA-087,Henrico County,59.4
VA-089,Henry County,58.2
VA-091,Highland County,50.5
VA-093,Isle of Wight County,61
VA-095,James City County,60.7
VA-097,King and Queen County,59.2
VA-099,King George County,58.9
VA-101,King William County,59.2
VA-103,Lancaster County,59.3
VA-105,Lee County,55.7
VA-107,Loudoun County,56.1
VA-109,Louisa County,57.4
VA-111,Lunenburg County,58.9
VA-113,Madison County,55.8
VA-115,Mathews County,60.3
VA-117,Mecklenburg County,59.5
VA-119,Middlesex County,59.6
VA-121,Montgomery County,54.5
VA-125,Nelson County,56.3
VA-127,New Kent County,59.7
VA-131,Northampton County,60.4
VA-133,Northumberland County,58.9
VA-135,Nottoway County,59.1
VA-137,Orange County,57.2
VA-139,Page County,54.4
VA-141,Patrick County,56.3
VA-143,Pittsylvania County,58.2
VA-145,Powhatan County,58.6
VA-147,Prince Edward County,58.4
VA-149,Prince George County,60.5
VA-153,Prince William County,57.8
VA-155,Pulaski County,54.3
VA-157,Rappahannock County,55
VA-159,Richmond County,58.8
VA-161,Roanoke County,56.1
VA-163,Rockbridge County,55.2
VA-165,Rockingham County,54.4
VA-167,Russell County,54.9
VA-169,Scott County,56.4
VA-171,Shenandoah County,54.5
VA-173,Smyth County,53.2
VA-175,Southampton County,60.6
VA-177,Spotsylvania County,57.3
VA-179,Stafford County,58.2
VA-181,Surry County,60.9
VA-183,Sussex County,60.5
VA-185,Tazewell County,52.6
VA-187,Warren County,54.7
VA-191,Washington County,55.5
VA-193,Westmoreland County,58.8
VA-195,Wise County,53.9
VA-197,Wythe County,53.4
VA-199,York County,61
VA-510,Alexandria City,58.4
VA-520,Bristol City,57
VA-530,Buena Vista City,56.4
VA-540,Charlottesville City,58
VA-550,Chesapeake City,61.4
VA-570,Colonial Heights City,60
VA-580,Covington City,55.3
VA-590,Danville City,59.1
VA-595,Emporia City,60.5
VA-600,Fairfax City,57.1
VA-610,Falls Church City,57.2
VA-620,Franklin City,60.6
VA-630,Fredericksburg City,57.9
VA-640,Galax City,53.7
VA-650,Hampton City,61.6
VA-660,Harrisonburg City,55.5
VA-670,Hopewell City,60.3
VA-680,Lynchburg City,57.8
VA-683,Manassas City,57.6
VA-685,Manassas Park City,57.6
VA-690,Martinsville City,58.2
VA-700,Newport News City,61.4
VA-710,Norfolk City,62.1
VA-720,Norton City,53.9
VA-730,Petersburg City,60
VA-735,Poquoson City,61.4
VA-740,Portsmouth City,62
VA-750,Radford City,54.8
VA-760,Richmond City,59.3
VA-770,Roanoke City,57.6
VA-775,Salem City,57.5
VA-790,Staunton City,55.2
VA-800,Suffolk City,60.9
VA-810,Virginia Beach City,61.7
VA-820,Waynesboro City,55.6
VA-830,Williamsburg City,60.8
VA-840,Winchester City,54.8
WA-001,Adams County,49.9
WA-003,Asotin County,49.3
WA-005,Benton County,53
WA-007,Chelan County,43.8
WA-009,Clallam County,48
WA-011,Clark County,52.5
WA-013,Columbia County,48.8
WA-015,Cowlitz County,50.4
WA-017,Douglas County,48.4
WA-019,Ferry County,43.4
WA-021,Franklin County,52.4
WA-023,Garfield County,49.2
WA-025,Grant County,51.1
WA-027,Grays Harbor County,50.3
WA-029,Island County,51.5
WA-031,Jefferson County,46.2
WA-033,King County,48.4
WA-035,Kitsap County,52.3
WA-037,Kittitas County,45.9
WA-039,Klickitat County,49.4
WA-041,Lewis County,48
WA-043,Lincoln County,47
WA-045,Mason County,49.8
WA-047,Okanogan County,43.3
WA-049,Pacific County,50.7
WA-051,Pend Oreille County,43.1
WA-053,Pierce County,47.7
WA-055,San Juan County,51.1
WA-057,Skagit County,46.4
WA-059,Skamania County,46.4
WA-061,Snohomish County,46.9
WA-063,Spokane County,47.9
WA-065,Stevens County,45.5
WA-067,Thurston County,51.3
WA-069,Wahkiakum County,50.8
WA-071,Walla Walla County,53
WA-073,Whatcom County,45
WA-075,Whitman County,49.8
WA-077,Yakima County,47.4
WV-001,Barbour County,53.6
WV-003,Berkeley County,54.8
WV-005,Boone County,55.9
WV-007,Braxton County,55.2
WV-009,Brooke County,52.6
WV-011,Cabell County,56.6
WV-013,Calhoun County,55
WV-015,Clay County,55.5
WV-017,Doddridge County,54.4
WV-019,Fayette County,53.5
WV-021,Gilmer County,55.1
WV-023,Grant County,52.2
WV-025,Greenbrier County,51.5
WV-027,Hampshire County,53.7
WV-029,Hancock County,51.8
WV-031,Hardy County,53.1
WV-033,Harrison County,54.6
WV-035,Jackson County,55.4
WV-037,Jefferson County,55.2
WV-039,Kanawha County,56.2
WV-041,Lewis County,55
WV-043,Lincoln County,57
WV-045,Logan County,56.5
WV-047,McDowell County,54.7
WV-049,Marion County,53.7
WV-051,Marshall County,52.8
WV-053,Mason County,55.1
WV-055,Mercer County,52.5
WV-057,Mineral County,53.7
WV-059,Mingo County,57
WV-061,Monongalia County,53
WV-063,Monroe County,53.4
WV-065,Morgan County,54.1
WV-067,Nicholas County,53
WV-069,Ohio County,52.7
WV-071,Pendleton County,51.5
WV-073,Pleasants County,54.4
WV-075,Pocahontas County,48.6
WV-077,Preston County,51.1
WV-079,Putnam County,56.4
WV-081,Raleigh County,53.1
WV-083,Randolph County,49.7
WV-085,Ritchie County,54.6
WV-087,Roane County,55.3
WV-089,Summers County,53.9
WV-091,Taylor County,53.9
WV-093,Tucker County,50
WV-095,Tyler County,54.1
WV-097,Upshur County,53.6
WV-099,Wayne County,56.9
WV-101,Webster County,51.3
WV-103,Wetzel County,53.4
WV-105,Wirt County,54.9
WV-107,Wood County,55.2
WV-109,Wyoming County,54.5
WI-001,Adams County,45.4
WI-003,Ashland County,40.3
WI-005,Barron County,42.4
WI-007,Bayfield County,40.7
WI-009,Brown County,45.6
WI-011,Buffalo County,45.6
WI-013,Burnett County,42.3
WI-015,Calumet County,45.9
WI-017,Chippewa County,43.3
WI-019,Clark County,43.5
WI-021,Columbia County,46.7
WI-023,Crawford County,47
WI-025,Dane County,47.3
WI-027,Dodge County,46.1
WI-029,Door County,44.1
WI-031,Douglas County,40.8
WI-033,Dunn County,44.2
WI-035,Eau Claire County,44.4
WI-037,Florence County,40.7
WI-039,Fond du Lac County,45.9
WI-041,Forest County,40
WI-043,Grant County,47.3
WI-045,Green County,47.8
WI-047,Green Lake County,46.1
WI-049,Iowa County,46.9
WI-051,Iron County,39.3
WI-053,Jackson County,44.8
WI-055,Jefferson County,47.5
WI-057,Juneau County,45.2
WI-059,Kenosha County,48.7
WI-061,Kewaunee County,45
WI-063,La Crosse County,46.1
WI-065,Lafayette County,47.4
WI-067,Langlade County,41.1
WI-069,Lincoln County,41.4
WI-071,Manitowoc County,45.6
WI-073,Marathon County,43.1
WI-075,Marinette County,42.8
WI-077,Marquette County,46.1
WI-078,Menominee County,43.3
WI-079,Milwaukee County,48.3
WI-081,Monroe County,44.4
WI-083,Oconto County,43.7
WI-085,Oneida County,40
WI-087,Outagamie County,45.6
WI-089,Ozaukee County,46.8
WI-091,Pepin County,45.2
WI-093,Pierce County,44.3
WI-095,Polk County,43
WI-097,Portage County,44.5
WI-099,Price County,40.4
WI-101,Racine County,48.2
WI-103,Richland County,46.6
WI-105,Rock County,48.1
WI-107,Rusk County,41.8
WI-109,St. Croix County,44
WI-111,Sauk County,46.5
WI-113,Sawyer County,40.8
WI-115,Shawano County,44.3
WI-117,Sheboygan County,46
WI-119,Taylor County,41.7
WI-121,Trempealeau County,45.6
WI-123,Vernon County,45.6
WI-125,Vilas County,39.2
WI-127,Walworth County,47.8
WI-129,Washburn County,41.4
WI-131,Washington County,45.9
WI-133,Waukesha County,47.3
WI-135,Waupaca County,45.2
WI-137,Waushara County,45.4
WI-139,Winnebago County,46.2
WI-141,Wood County,44.3
WY-001,Albany County,41.8
WY-003,Big Horn County,43.8
WY-005,Campbell County,45
WY-007,Carbon County,42.6
WY-009,Converse County,45
WY-011,Crook County,44.2
WY-013,Fremont County,41.5
WY-015,Goshen County,48
WY-017,Hot Springs County,43.7
WY-019,Johnson County,44
WY-021,Laramie County,46.7
WY-023,Lincoln County,39.3
WY-025,Natrona County,44.2
WY-027,Niobrara County,46.2
WY-029,Park County,39.5
WY-031,Platte County,47.3
WY-033,Sheridan County,43.4
WY-035,Sublette County,36.5
WY-037,Sweetwater County,42.7
WY-039,Teton County,35.9
WY-041,Uinta County,40.7
WY-043,Washakie County,44.8
WY-045,Weston County,44.9
AK-013,Aleutians East Borough,39.5
AK-016,Aleutians West Census Area,40
AK-020,Anchorage Municipality,33.2
AK-050,Bethel Census Area,33
AK-060,Bristol Bay Borough,37.4
AK-063,Chugach Census Area,33.3
AK-066,Copper River Census Area,25.9
AK-068,Denali Borough,28.1
AK-070,Dillingham Census Area,35.5
AK-090,Fairbanks North Star Borough,28.8
AK-100,Haines Borough,33.8
AK-105,Hoonah-Angoon Census Area,37.2
AK-110,Juneau City and Borough,34.2
AK-122,Kenai Peninsula Borough,34.6
AK-130,Ketchikan Gateway Borough,40.5
AK-150,Kodiak Island Borough,39.4
AK-158,Kusilvak Census Area,32
AK-164,Lake and Peninsula Borough,36.7
AK-170,Matanuska-Susitna Borough,30.2
AK-180,Nome Census Area,27.8
AK-185,North Slope Borough,17.9
AK-188,Northwest Arctic Borough,25
AK-195,Petersburg Borough,36.5
AK-198,Prince of Wales-Hyder Census Area,43.1
AK-220,Sitka City and Borough,40.7
AK-230,Skagway Municipality,30.9
AK-240,Southeast Fairbanks Census Area,25.7
AK-275,Wrangell City and Borough,40
AK-282,Yakutat City and Borough,33.9
AK-290,Yukon-Koyukuk Census Area,27.2
